Property Name,Address,Year Ending,Property GFA - Self-Reported (ft²),Year Built,Electricity Use - Grid Purchase (kWh),Natural Gas Use (therms),Fuel Oil #2 Use (kBtu),ENERGY STAR Score,Site EUI (kBtu/ft²),Site Energy Use (kBtu),Direct GHG Emissions (Metric Tons CO2e)
Admiral Street Fire Station,"426 Admiral Street Providence, RI 02908",06/30/2011 12:00:00 AM,12850,1924,72589.1,845.37,979800,,102.1,1312011.2,77.2
Frank D. Spaziano Elementary School,"85 Laurel Hill Ave, Providence, RI 02909",06/30/2017 12:00:00 AM,58015,1908,102055.5,20661.72,,95,41.6,2414385.1,109.7
Oliver Hazard Perry (Providence Mayoral Academy ES),"370 Hartford Avenue Providence, Rhode Island 02909",06/30/2012 12:00:00 AM,182488,1929,125338.7,47300,0,88,28.3,5157655.6,251.2
Broad Street Fire Station,"847 Broad Street Providence, RI 02905

",06/30/2016 12:00:00 AM,9426,1942,69032.5,1006.57,373014,,75.2,709209.7,33
Dr. Jorge Alvarez High School,"375 Adelaide Ave, Providence, RI 02907",06/30/2017 12:00:00 AM,88000,2007,686159.9,37195.07,,58,68.9,6060684.9,197.6
Oliver Hazard Perry (Providence Mayoral Academy ES),"370 Hartford Avenue Providence, Rhode Island 02909",06/30/2010 12:00:00 AM,182488,1929,288110.4,80313.71,0,33,49.4,9014403.4,426.6
Leviton Dual Language School,"65 Greenwich St, Providence, RI 02907",06/30/2015 12:00:00 AM,40000,2002,266057.5,11731.03,0,88,52,2080891.4,62.3
Leviton Dual Language School,"65 Greenwich St, Providence, RI 02907",06/30/2014 12:00:00 AM,40000,2002,257806.2,10102.94,0,91,47.2,1889928.4,53.7
Leviton Dual Language School,"65 Greenwich St, Providence, RI 02907",06/30/2013 12:00:00 AM,40000,2002,281553.7,9074.68,0,89,46.7,1868129.1,48.2
Leviton Dual Language School,"65 Greenwich St, Providence, RI 02907",06/30/2012 12:00:00 AM,40000,2002,240014.5,6614.19,0,96,37,1480349,35.1
Dalrymple Boat House,"1000 Elmwood Ave, Providence, RI 02907",06/30/2011 12:00:00 AM,17474,1894,68390,0,437460,,38.4,670806.7,32.5
Camp Cronin,"1399 Ocean Road, Narragansett, RI 02882",06/30/2013 12:00:00 AM,4362,1960,4790.6,0,0,,2.8,16345.5,0
Department of Recreation,"One Recreation Way Providence, Rhode Island 02904",06/30/2016 12:00:00 AM,4186,2001,45646.4,,139932,,70.6,295677.4,10.4
Veazie Street Elementary School,"211 Veazie St, Providence, RI 02904",06/30/2013 12:00:00 AM,110000,1909,340700.9,57735.94,0,48,62.5,6936065.1,306.7
Carl G. Lauro Elementary School,"99 Kenyon St, Providence, RI 02903",06/30/2016 12:00:00 AM,117482,1921,200318.1,57122,,75,54.4,6395685.1,303.4
Allan Shawn Feinstein Elementary School @ Broad Street,"1450 Broad St, Providence, RI 02905",06/30/2012 12:00:00 AM,77899,1895,114774.7,625.84,0,,12.9,1002744.8,44
City Hall,"25 Dorrance St, Providence, RI 02903",06/30/2015 12:00:00 AM,99675,1878,563777.5,44958.81,0,94,64.4,6419489.9,238.8
Vartan Gregorian Elementary School,"455 Wickenden St, Providence, RI 02903",06/30/2016 12:00:00 AM,63000,1954,274864,37063,,39,73.7,4644136,196.9
Allens Avenue Fire Station,"776 Allens Avenue Providence, RI 02905",06/30/2015 12:00:00 AM,9440,1948,45540.4,6485.57,0,,85.2,803941,34.4
Museum of Natural History and Planetarium,"1000 Elmwood Ave, Providence, RI 02907",06/30/2017 12:00:00 AM,19500,1894,251852.4,,789912,,84.6,1649232.6,58.6
Allens Avenue Fire Station,"776 Allens Avenue Providence, RI 02905",06/30/2013 12:00:00 AM,9440,1948,69366.7,6571.58,0,,94.7,893837.4,34.9
Allens Avenue Fire Station,"776 Allens Avenue Providence, RI 02905",06/30/2012 12:00:00 AM,9440,1948,76002.8,0,,,78.7,742687,26
Dr. Jorge Alvarez High School,"375 Adelaide Ave, Providence, RI 02907",06/30/2016 12:00:00 AM,88000,2007,687259.9,26583.03,,67,56.9,5003233.9,141.2
Dalrymple Boat House,"1000 Elmwood Ave, Providence, RI 02907",06/30/2013 12:00:00 AM,17474,1894,65212,0,360042,,33.3,582545.4,26.7
Roger Williams Park Zoo,"1000 Elmwood Ave, Providence, RI 02907",06/30/2016 12:00:00 AM,136659,1872,2774662.8,71205.75,,,121.4,16587726.1,378.2
Anthony Carnevale Elementary School,"50 Springfield St, Providence, RI 02909",06/30/2014 12:00:00 AM,78000,1999,580617.1,24314.45,0,62,56.6,4412510.7,129.1
Anthony Carnevale Elementary School,"50 Springfield St, Providence, RI 02909",06/30/2013 12:00:00 AM,78000,1999,592999.9,14770.81,0,71,44.9,3500396.6,78.5
Anthony Carnevale Elementary School,"50 Springfield St, Providence, RI 02909",06/30/2012 12:00:00 AM,78000,1999,678249.9,13373,0,62,46.8,3651489.1,71
Public Safety Complex,"325 Washington Street, Providence, RI 02901",06/30/2017 12:00:00 AM,119002,2002,2892096.5,17999.59,,,98,11667793.4,95.6
Anthony Carnevale Elementary School,"50 Springfield St, Providence, RI 02909",06/30/2010 12:00:00 AM,78000,1999,601443,21367.88,0,61,53.7,4188911.8,113.5
Asa Messer Elementary School @ Samuel W. Bridgham,"1655 Westminster Street Providence, RI, 02909",06/30/2015 12:00:00 AM,109255,1972,590808,49451.13,0,51,63.7,6960950,262.7
Lillian Feinstein Senior Center,"1085 Chalkstone Ave, Providence, RI 02908",06/30/2016 12:00:00 AM,8520,2001,46945,2636.62,,,49.7,423838.1,14
Admiral Street Fire Station,"426 Admiral Street Providence, RI 02908",06/30/2015 12:00:00 AM,12850,1924,72532.6,8913.27,83904,,95.2,1222712.1,53.6
E-Cubed Academy,"812 Branch Ave, Providence, RI 02904",06/30/2016 12:00:00 AM,44600,2004,290894.9,12004.32,,91,49.2,2192965.7,63.8
"DPW Maintenance, Traffic and Roller Shed","20 Ernest Street Providence, Rhode Island 02905",06/30/2015 12:00:00 AM,117618,1930,286274.3,81982.13,0,,78,9174981.2,435.4
Humboldt Avenue Fire Station,"155 Humboldt Avenue Providence, RI 02906",06/30/2012 12:00:00 AM,7460,1905,35768.2,0,570630,,92.9,692671,42.3
Providence Career and Technical Academy,"41 Fricker St, Providence, RI 02903",06/30/2016 12:00:00 AM,300000,2009,1932268.5,44786.5,,,36.9,11071551.1,237.9
Dalrymple Boat House,"1000 Elmwood Ave, Providence, RI 02907",06/30/2014 12:00:00 AM,17474,1894,66012.2,0,396750,,35.6,621983.8,29.4
Alex & Ani City Center,"2 Kennedy Plaza, Providence, RI 02903",06/30/2016 12:00:00 AM,6373,1959,507086.6,5265,,,354.1,2256679.9,28
Atwells Avenue Fire Station,"639 Atwells Avenue Providence, RI 02909",06/30/2013 12:00:00 AM,10022,1948,61989.4,550.27,753618,,101.8,1020152.6,58.8
Atwells Avenue Fire Station,"639 Atwells Avenue Providence, RI 02909",06/30/2012 12:00:00 AM,10022,1948,64449.2,537.63,632316,,90.4,905980,49.8
Asa Messer Elementary School @ Samuel W. Bridgham,"1655 Westminster Street Providence, RI, 02909",06/30/2016 12:00:00 AM,109255,1972,538278,35400.51,,70,49.2,5376656,188
Atwells Avenue Fire Station,"639 Atwells Avenue Providence, RI 02909",06/30/2010 12:00:00 AM,10022,1948,60785.1,520.79,539994,,79.8,799471.4,42.8
Esek Hopkins Middle School,"480 Charles St, Providence, RI 02904",06/30/2015 12:00:00 AM,87560,1916,288139.3,34526.05,0,76,50.7,4435736.6,183.4
Central-Classical High Schools,"770 Westminster St, Providence, RI 02903",06/30/2011 12:00:00 AM,454059,1962,3084743.1,24532.03,14156867.3,50,59.8,27135215.5,1180.9
William D'Abate Elementary School,"60 Kossuth St, Providence, RI 02909",06/30/2017 12:00:00 AM,44174,1959,210677.1,30109,,54,84.4,3729730.4,159.9
Rochambeau Avenue Fire Station,"270 Rochambeau Avenue Providence, RI 02906",06/30/2013 12:00:00 AM,7400,1928,38898.4,6857.9,0,,110.6,818511.8,36.4
Asa Messer Annex (WSPS),"245 Althea St, Providence, RI 02909",06/30/2011 12:00:00 AM,20360,1925,52549.6,8465.9,0,75,50.4,1025889.7,45
Dalrymple Boat House,"1000 Elmwood Ave, Providence, RI 02907",06/30/2017 12:00:00 AM,17474,1894,49230.7,,368460,,30.7,536435,27.3
Bank of America Skating Center,"2 Kennedy Plaza, Providence, RI 02903",06/30/2015 12:00:00 AM,6373,1999,520299,9429,0,,426.5,2718160.4,50.1
Bank of America Skating Center,"2 Kennedy Plaza, Providence, RI 02903",06/30/2014 12:00:00 AM,6373,1999,541300,11149,0,,464.7,2961815.9,59.2
Bank of America Skating Center,"2 Kennedy Plaza, Providence, RI 02903",06/30/2013 12:00:00 AM,6373,1999,522132.1,18122,0,,563.9,3593715.1,96.3
Bank of America Skating Center,"2 Kennedy Plaza, Providence, RI 02903",06/30/2012 12:00:00 AM,6373,1999,575182,7998,0,,433.4,2762321.3,42.5
Bank of America Skating Center,"2 Kennedy Plaza, Providence, RI 02903",06/30/2011 12:00:00 AM,6373,1999,559930,10976,0,,472,3008081.4,58.3
Roger Williams Middle School,"278 Thurbers Ave, Providence, RI 02905",06/30/2010 12:00:00 AM,135228,1929,308800,7711.06,9941243.8,33,87,11765975.9,778.7
Reservoir Avenue Elementary School,"156 Reservoir Ave, Providence, RI 02907",06/30/2012 12:00:00 AM,22000,1924,93566.9,11847.71,0,45,68.4,1504021.2,62.9
Hartford Avenue Fire Station,"489 Hartford Avenue Providence, RI 02909",06/30/2010 12:00:00 AM,9150,1948,60505.6,0,609408,,89.2,815853.1,45.2
North Main Street Fire Station,"151 North Main Street Providence, RI 02903",06/30/2017 12:00:00 AM,14760,1951,81722.1,4785.57,,,51.3,757392.3,25.4
"DPW Maintenance, Traffic and Roller Shed","20 Ernest Street Providence, Rhode Island 02905",06/30/2017 12:00:00 AM,110450,1930,215230.2,68749.03,,,68.9,7609267.9,365.2
Branch Avenue Fire Station,"10 Branch Avenue Providence, RI 02904",06/30/2011 12:00:00 AM,14616,1948,99194.1,275.92,733056,,75.2,1099098,55.9
Branch Avenue Fire Station,"10 Branch Avenue Providence, RI 02904",06/30/2010 12:00:00 AM,14616,1948,96334,,703386,,70.8,1035059.7,52.4
Nathanael Greene Middle School,"721 Chalkstone Ave, Providence, RI 02908",06/30/2013 12:00:00 AM,159070,1930,278766,85066.76,0,60,59.5,9457825.8,451.8
Broad Street Fire Station,"847 Broad Street Providence, RI 02905

",06/30/2014 12:00:00 AM,9426,1942,69800,968.57,507840,,89.4,842854.7,42.8
Broad Street Fire Station,"847 Broad Street Providence, RI 02905

",06/30/2013 12:00:00 AM,9426,1942,70093,984.1,492660,,88.1,830227.2,41.8
Central-Classical High Schools,"770 Westminster St, Providence, RI 02903",06/30/2017 12:00:00 AM,454059,1962,1936188.7,156281.82,,97,49,22234458.5,830.1
Broad Street Fire Station,"847 Broad Street Providence, RI 02905

",06/30/2011 12:00:00 AM,9426,1942,64903.3,2399.75,439668,,95.6,901093.2,45.4
Zuccolo Recreation Center,"18 Gesler St, Providence, RI 02909",06/30/2017 12:00:00 AM,11592,1949,62016,5515.31,,,65.8,763129.1,29.3
Brook Street Fire Station,"223 Brook Street Providence, RI 02906",06/30/2015 12:00:00 AM,7580,1950,51327.9,5320,0,,93.3,707131,28.3
Brook Street Fire Station,"223 Brook Street Providence, RI 02906",06/30/2014 12:00:00 AM,7580,1950,56125.9,5772,0,,101.4,768701.6,30.7
Brook Street Fire Station,"223 Brook Street Providence, RI 02906",06/30/2013 12:00:00 AM,7580,1950,58890.7,4213,0,,82.1,622235,22.4
Harry Kizirian Elementary School,"60 Camden Ave, Providence, RI 02908",06/30/2016 12:00:00 AM,73950,1959,275650.7,35107.94,,64,60.2,4451314.4,186.5
Brook Street Fire Station,"223 Brook Street Providence, RI 02906",06/30/2011 12:00:00 AM,7580,1950,57649.5,5608.51,0,,99.9,757551,29.8
Selim Madelin Rogers Recreation Center,"60 Camden Ave, Providence, RI 02908",06/30/2016 12:00:00 AM,9350,2000,76075.8,8510.03,,,118.8,1110573.7,45.2
Asa Messer Annex (WSPS),"245 Althea St, Providence, RI 02909",06/30/2014 12:00:00 AM,20360,1925,17498.4,5184,0,99,28.4,578104.6,27.5
Carl G. Lauro Elementary School,"99 Kenyon St, Providence, RI 02903",06/30/2013 12:00:00 AM,117482,1921,190192,87204.77,0,43,79.8,9369412.5,463.2
Carl G. Lauro Elementary School,"99 Kenyon St, Providence, RI 02903",06/30/2012 12:00:00 AM,117482,1921,221592.3,73284.03,0,54,68.8,8084476.5,389.2
Carl G. Lauro Elementary School,"99 Kenyon St, Providence, RI 02903",06/30/2011 12:00:00 AM,117482,1921,221909,68025.09,0,62,64.3,7559663,361.3
Roger Williams Middle School,"278 Thurbers Ave, Providence, RI 02905",06/30/2017 12:00:00 AM,135228,1929,357969.6,94579.18,,36,79,10679310.5,502.4
Nathan Bishop Middle School,"101 Sessions St, Providence, RI 02906",06/30/2011 12:00:00 AM,136000,1929,1166250.9,47510.61,0,59,64.2,8730309,252.4
Providence Emergency Management Agency,"591 Charles St, Providence, RI 02904",06/30/2017 12:00:00 AM,12776,1991,146018.7,3271.37,173742,,78.2,999094.4,30.3
Central Supply,"304 Pearl Street Providence, Rhode Island 02903",06/30/2013 12:00:00 AM,15525,2004,90623.9,5066,0,23,52.5,815809,26.9
Nathanael Greene Middle School,"721 Chalkstone Ave, Providence, RI 02908",06/30/2011 12:00:00 AM,159070,1930,374138.8,5758.14,0,58,58.6,9314698.2,584.4
Hope High School,"324 Hope St, Providence, RI 02906",06/30/2012 12:00:00 AM,257089,1938,921569.9,159968.96,0,87,74.5,19141292.7,849.7
Central Supply,"304 Pearl Street Providence, Rhode Island 02903",06/30/2010 12:00:00 AM,15525,2004,57870.7,13399.03,0,3,118.3,1537357.6,71.2
Providence Police Academy,"200 Chad Brown Street Providence, RI 02908",06/30/2012 12:00:00 AM,20175,1928,26179,0,1103172,,59.1,1192494.7,81.9
Branch Avenue Fire Station,"10 Branch Avenue Providence, RI 02904",06/30/2017 12:00:00 AM,14616,1948,84728.6,5131.84,,,61.9,904398.3,34.8
Dr. Martin Luther King Elementary School,"35 Camp St, Providence, RI 02906",06/30/2015 12:00:00 AM,71724,1959,297908.4,36226.76,0,73,64.7,4639139.9,192.4
Frank D. Spaziano Elementary School,"85 Laurel Hill Ave, Providence, RI 02909",06/30/2014 12:00:00 AM,58015,1908,117377.6,2444.29,2990460.1,80,62.7,3635381.2,234.9
Dalrymple Boat House,"1000 Elmwood Ave, Providence, RI 02907",06/30/2010 12:00:00 AM,17474,1894,64006.4,0,410688,,36,629077.7,30.5
West End Recreation Center,"109 Bucklin St, Providence, RI 02907",06/30/2010 12:00:00 AM,25760,1997,195838.6,7021.82,0,,53.2,1370383.7,37.3
Mount Pleasant High School,"434 Mt Pleasant Ave, Providence, RI 02908",06/30/2012 12:00:00 AM,320000,1938,975450.9,159453.09,0,94,60.2,19273548.4,846.9
Leviton Dual Language School,"65 Greenwich St, Providence, RI 02907",06/30/2010 12:00:00 AM,40000,2002,264111,9935.97,0,90,47.4,1894743.7,52.8
Anthony Carnevale Elementary School,"50 Springfield St, Providence, RI 02909",06/30/2016 12:00:00 AM,78000,1999,570074.9,12945.86,,76,41.5,3239681.6,68.8
City Hall,"25 Dorrance St, Providence, RI 02903",06/30/2012 12:00:00 AM,99675,1878,701222.9,34367.57,0,90,58.5,5829330,182.5
B. Jae Clanton Complex,"674 Prairie Avenue
Providence, RI, 02905",06/30/2016 12:00:00 AM,103000,2004,545910.5,21999.48,,93,39.4,4062595.4,116.8
Central Supply,"304 Pearl Street Providence, Rhode Island 02903",06/30/2015 12:00:00 AM,15525,2004,93174.2,8068.41,0,16,72.4,1124750.9,42.9
DPW Administration Building,"700 Allens Avenue Providence, Rhode Island 02905",06/30/2015 12:00:00 AM,20511,1925,52105,16890,0,72,91,1866782.2,89.7
DPW Administration Building,"700 Allens Avenue Providence, Rhode Island 02905",06/30/2014 12:00:00 AM,20511,1925,58892.3,17132,0,69,93.3,1914140.7,91
DelSesto Middle School,"152 Springfield St, Providence, RI 02909",06/30/2015 12:00:00 AM,146000,1998,860887.4,49944.62,0,64,54.3,7931810.1,265.3
Esek Hopkins Middle School,"480 Charles St, Providence, RI 02904",06/30/2014 12:00:00 AM,87560,1916,304420.6,38684.49,0,69,56,4907132.5,205.5
Gilbert Stuart Middle school,"188 Princeton Ave, Providence, RI 02907",06/30/2012 12:00:00 AM,154450,1929,357932.7,5713.86,6941814.3,59,56.6,8734466.3,545.5
DPW Administration Building,"700 Allens Avenue Providence, Rhode Island 02905",06/30/2010 12:00:00 AM,20511,1925,71994.8,,0,94,41.5,850646.3,32.1
Rochambeau Avenue Fire Station,"270 Rochambeau Avenue Providence, RI 02906",06/30/2010 12:00:00 AM,7400,1928,43145.6,7282,0,,118.3,875412.9,38.7
Asa Messer Elementary School @ Samuel W. Bridgham,"1655 Westminster Street Providence, RI, 02909",06/30/2012 12:00:00 AM,109255,1972,602979.3,43480.32,0,54,58.6,6405397.8,230.9
Anthony Carnevale Elementary School,"50 Springfield St, Providence, RI 02909",06/30/2017 12:00:00 AM,78000,1999,535674.9,18125.95,,75,46.7,3640318.3,96.3
"DPW Maintenance, Traffic and Roller Shed","20 Ernest Street Providence, Rhode Island 02905",06/30/2012 12:00:00 AM,117618,1930,250664.7,42385.75,0,,43.3,5093843.2,225.1
West Broadway,"29 Brainbridge Avenue Providence, Rhode Island 02909",06/30/2014 12:00:00 AM,46000,1966,75691.3,0,4395299.9,46,101.2,4653558.7,326.2
Davey Lopes Recreation Center,"227 Dudley St, Providence, RI 02907",06/30/2015 12:00:00 AM,11860,1948,74148.6,13059.19,0,,131.4,1558914.3,69.4
Dr. Robert F. Roberti Administration Building,"797 Westminster St., Providence, RI 02903",06/30/2013 12:00:00 AM,56744,1945,915496.5,30581.13,0,63,108.9,6181787.2,162.4
B. Jae Clanton Complex,"674 Prairie Avenue
Providence, RI, 02905",06/30/2011 12:00:00 AM,103000,2004,631851.3,42362.95,0,77,62.1,6392171.6,225
Messer Street Fire Station,"201 Messer Street Providence, RI 02909",06/30/2015 12:00:00 AM,9150,1948,68864.8,499.34,380328,,72.7,665228.4,30.9
Admiral Street Fire Station,"426 Admiral Street Providence, RI 02908",06/30/2013 12:00:00 AM,12850,1924,71404.4,8158.48,105294,,90.6,1164774.2,51.1
Anthony Carnevale Elementary School,"50 Springfield St, Providence, RI 02909",06/30/2015 12:00:00 AM,78000,1999,572132.7,18638.74,0,70,48.9,3815990.9,99
West Broadway,"29 Brainbridge Avenue Providence, Rhode Island 02909",06/30/2010 12:00:00 AM,46000,1966,108092.6,0,4016628.3,45,95.3,4385440.3,298.1
Mount Pleasant High School,"434 Mt Pleasant Ave, Providence, RI 02908",06/30/2014 12:00:00 AM,320000,1938,976138.6,199858.49,0,89,72.9,23316434.1,1061.5
DelSesto Middle School,"152 Springfield St, Providence, RI 02909",06/30/2010 12:00:00 AM,146000,1998,987199.9,44920.96,0,57,53.8,7860422.5,238.6
Carl G. Lauro Elementary School,"99 Kenyon St, Providence, RI 02903",06/30/2014 12:00:00 AM,117482,1921,203048.1,89075.29,0,41,81.7,9600329.3,473.1
Davey Lopes Recreation Center,"227 Dudley St, Providence, RI 02907",06/30/2011 12:00:00 AM,11860,1948,86504.8,14598.96,0,,148,1755050.8,77.5
Peter A. Rochio Substation,"1266 Chalkstone Ave, Providence, RI 02908",06/30/2013 12:00:00 AM,914,2006,20915,0,0,,78.1,71361.8,0
Roger Williams Park Zoo,"1000 Elmwood Avenue Providence, Rhode Island 02907",06/30/2017 12:00:00 AM,136659,1872,2737797.6,79304.25,,,126.4,17271791.2,421.2
Humboldt Avenue Fire Station,"155 Humboldt Avenue Providence, RI 02906",06/30/2014 12:00:00 AM,7460,1905,38744.8,0,761622,,119.8,893819.1,56.5
Steven M. Shaw District 5 Substation,"204 Magnolia St, Providence, RI 02909",06/30/2011 12:00:00 AM,546,1996,10059.8,486,0,,151.9,82923.9,2.6
Lillian Feinstein Elementary School @ Sackett Street,"159 Sackett St, Providence, RI 02907",06/30/2014 12:00:00 AM,68400,1921,262428.5,16633.13,1872246.1,77,64.8,4430964.9,227.3
Reservoir Avenue Elementary School,"156 Reservoir Ave, Providence, RI 02907",06/30/2016 12:00:00 AM,22000,1924,94903.9,11560.55,,47,67.3,1479866.9,61.4
DelSesto Middle School,"152 Springfield St, Providence, RI 02909",06/30/2016 12:00:00 AM,146000,1998,859199.9,46463.71,,66,51.9,7577961,246.8
Department of Recreation,"One Recreation Way Providence, Rhode Island 02904",06/30/2015 12:00:00 AM,4186,2001,43590.8,0,308016,,109.1,456747.7,22.9
Harry Kizirian Elementary School,"60 Camden Ave, Providence, RI 02908",06/30/2017 12:00:00 AM,73950,1959,273200,35661.57,,64,60.8,4498315.2,189.4
Department of Recreation,"One Recreation Way Providence, Rhode Island 02904",06/30/2013 12:00:00 AM,4186,2001,40459.4,0,174570,,74.7,312617.3,13
Central-Classical High Schools,"770 Westminster St, Providence, RI 02903",06/30/2015 12:00:00 AM,454059,1962,2181473.9,176033.45,0,93,55.2,25046534.4,935
Veazie Street Elementary School,"211 Veazie St, Providence, RI 02904",06/30/2010 12:00:00 AM,110000,1909,395111.6,77244.52,0,22,81.7,9072572.8,410.3
Roger Williams Middle School,"278 Thurbers Ave, Providence, RI 02905",06/30/2015 12:00:00 AM,135228,1929,375653.3,121771.79,0,18,99.5,13458908.3,646.8
B. Jae Clanton Complex,"674 Prairie Avenue
Providence, RI, 02905",06/30/2017 12:00:00 AM,103000,2004,492474.8,25767.99,,94,41.3,4257123.5,136.9
Peter A. Rochio Substation,"1266 Chalkstone Ave, Providence, RI 02908",06/30/2017 12:00:00 AM,914,2006,25320.8,,,,94.5,86394.5,0
Selim Madelin Rogers Recreation Center,"60 Camden Ave, Providence, RI 02908",06/30/2015 12:00:00 AM,9350,2000,74284.9,11211.1,0,,147,1374570.4,59.5
Department of Communications,"215 West Exchange Street Providence, Rhode Island 02903",06/30/2012 12:00:00 AM,11752,1987,279223.5,5302.09,0,,126.2,1482919.1,28.2
Providence Career and Technical Academy,"41 Fricker St, Providence, RI 02903",06/30/2012 12:00:00 AM,300000,2009,1787963.3,48963.4,0,,36.7,10996871.8,260.1
Davey Lopes Recreation Center,"227 Dudley St, Providence, RI 02907",06/30/2012 12:00:00 AM,11860,1948,83089.4,11925.83,0,,124.5,1476084.5,63.3
Dexter Street Garage,"382 Dexter St, Providence, RI 02907",06/30/2015 12:00:00 AM,17000,1905,117951,23.56,1368132,,104.3,1772936.8,101.7
Vincent Brown Recreation Center,"438 Hope Street Providence, RI 02906",06/30/2015 12:00:00 AM,18111,1997,30005,9526,0,,58.3,1054977.1,50.6
Dexter Street Garage,"382 Dexter St, Providence, RI 02907",06/30/2013 12:00:00 AM,17000,1905,153431.4,9.98,1356816,,110.7,1881322.1,100.7
Dexter Street Garage,"382 Dexter St, Providence, RI 02907",06/30/2012 12:00:00 AM,17000,1905,131284.9,11.02,1202118,,97.1,1651164.3,89.3
Dexter Street Garage,"382 Dexter St, Providence, RI 02907",06/30/2011 12:00:00 AM,17000,1905,116720,10.7,1578996,,116.4,1978314.5,117.2
Dexter Street Garage,"382 Dexter St, Providence, RI 02907",06/30/2010 12:00:00 AM,17000,1905,120026.3,9.24,1348812,,103.5,1759266.1,100.1
Robert F. Kennedy Elementary School,"195 Nelson St, Providence, RI 02908",06/30/2016 12:00:00 AM,49840,1921,135266.2,27602.73,,77,64.6,3221801.4,146.6
Department of Communications,"215 West Exchange Street Providence, Rhode Island 02903",06/30/2017 12:00:00 AM,13608,1987,270651.2,7546.88,,,123.3,1678149.8,40.1
E-Cubed Academy,"812 Branch Ave, Providence, RI 02904",06/30/2012 12:00:00 AM,44600,2004,328235.3,9005.97,0,89,45.3,2020535.6,47.8
Department of Recreation,"One Recreation Way Providence, Rhode Island 02904",06/30/2014 12:00:00 AM,4186,2001,52103.2,0,103500,,67.2,281276.1,7.7
Rochambeau Avenue Fire Station,"270 Rochambeau Avenue Providence, RI 02906",06/30/2017 12:00:00 AM,7400,1928,29445.8,8422.55,,,127.4,942723.7,44.7
Steven M. Shaw District 5 Substation,"204 Magnolia St, Providence, RI 02909",06/30/2010 12:00:00 AM,546,1996,6829.3,452,0,,125.5,68501.6,2.4
Allens Avenue Fire Station,"776 Allens Avenue Providence, RI 02905",06/30/2010 12:00:00 AM,9440,1948,70096.1,0,716634,,101.3,955802,53.2
Selim Madelin Rogers Recreation Center,"60 Camden Ave, Providence, RI 02908",06/30/2011 12:00:00 AM,9350,2000,55590.4,6941.94,0,,94.5,883868.5,36.9
Dexter Street Garage,"382 Dexter St, Providence, RI 02907",06/30/2014 12:00:00 AM,17000,1905,119158.1,17.47,1756602,,127.3,2164916.8,130.4
Dr. Martin Luther King Elementary School,"35 Camp St, Providence, RI 02906",06/30/2012 12:00:00 AM,71724,1959,273843,28420.73,0,84,52.7,3776425.6,151
Admiral Street Fire Station,"426 Admiral Street Providence, RI 02908",06/30/2012 12:00:00 AM,12850,1924,74738.1,7093.05,246192,,94.2,1210503.2,55.9
Dr. Martin Luther King Elementary School,"35 Camp St, Providence, RI 02906",06/30/2011 12:00:00 AM,71724,1959,271221.8,3718,0,87,52.1,3739786.5,201
Dr. Martin Luther King Elementary School,"35 Camp St, Providence, RI 02906",06/30/2010 12:00:00 AM,71724,1959,275280,3845,2882681.9,81,58.6,4206437.2,234.3
Dr. Robert F. Roberti Administration Building,"797 Westminster St., Providence, RI 02903",06/30/2015 12:00:00 AM,56744,1945,770897.1,22279.49,0,79,85.6,4858249.7,118.3
Windmill Annex (A Venture),"425 Branch Avenue Providence, Rhode Island 02904",06/30/2011 12:00:00 AM,25060,1930,15480,12102,0,92,50.4,1263017.6,64.3
Providence Police Academy,"200 Chad Brown Street Providence, RI 02908",06/30/2017 12:00:00 AM,20175,1928,33218.3,,,,58.5,1180165.5,64.1
Museum of Natural History and Planetarium,"1000 Elmwood Ave, Providence, RI 02907",06/30/2014 12:00:00 AM,19500,1894,236508.2,0,1146365.9,,100.2,1953331.8,85.1
Public Safety Complex,"325 Washington Street, Providence, RI 02901",06/30/2010 12:00:00 AM,119002,2002,4157344.9,14802,0,,131.6,15665062.4,78.6
Asa Messer Annex (WSPS),"245 Althea St, Providence, RI 02909",06/30/2016 12:00:00 AM,20360,1925,16462.7,5695,,99,30.7,625670.7,30.2
Department of Recreation,"One Recreation Way Providence, Rhode Island 02904",06/30/2010 12:00:00 AM,4186,2001,52011.4,0,138828,,75.6,316290.9,10.3
E-Cubed Academy,"812 Branch Ave, Providence, RI 02904",06/30/2014 12:00:00 AM,44600,2004,299422.5,14305.13,0,87,55,2452142.4,76
E-Cubed Academy,"812 Branch Ave, Providence, RI 02904",06/30/2013 12:00:00 AM,44600,2004,302162.2,11590.65,0,90,49.1,2190041.9,61.6
Dexter Street Garage,"382 Dexter St, Providence, RI 02907",06/30/2016 12:00:00 AM,17000,1905,121965.2,28.27,1344534,,103.7,1763506,99.9
Reservoir Avenue Fire Station,"274 Reservoir Avenue Providence, RI 02907",06/30/2010 12:00:00 AM,7360,1932,49709.4,651.73,351210,,79.6,585991.2,29.5
E-Cubed Academy,"812 Branch Ave, Providence, RI 02904",06/30/2010 12:00:00 AM,44600,2004,404288.7,8630.39,0,79,50.3,2242471.9,45.8
Davey Lopes Recreation Center,"227 Dudley St, Providence, RI 02907",06/30/2016 12:00:00 AM,11860,1948,78426.7,11616.31,,,120.5,1429222.9,61.7
The Family and Community Engagement Center,"379 Washington Street, Providence, RI 02903",06/30/2010 12:00:00 AM,8700,1960,90214.5,120.54,548387.2,25,99.8,868253.6,41.3
Providence Emergency Management Agency,"591 Charles St, Providence, RI 02904",06/30/2013 12:00:00 AM,12776,1991,100910.9,0,140622,,38,484930.2,10.4
Camp Cronin,"1399 Ocean Road, Narragansett, RI 02882",06/30/2017 12:00:00 AM,4362,1960,27986.7,,,,21.9,95490.7,0
Providence Emergency Management Agency,"591 Charles St, Providence, RI 02904",06/30/2011 12:00:00 AM,12776,1991,88971.7,0,176778,,37.6,480349.3,13.1
Central Supply,"304 Pearl Street Providence, Rhode Island 02903",06/30/2011 12:00:00 AM,15525,2004,60560.1,10339.62,0,10,95.4,1240592.7,54.9
Broad Street Fire Station,"847 Broad Street Providence, RI 02905

",06/30/2012 12:00:00 AM,9426,1942,65514.1,1013.4,357420,,72.4,682294.2,31.9
Alex & Ani City Center,"2 Kennedy Plaza, Providence, RI 02903",06/30/2017 12:00:00 AM,6373,1999,,1,,,,,0
Esek Hopkins Middle School,"480 Charles St, Providence, RI 02904",06/30/2013 12:00:00 AM,87560,1916,302490,44690.19,0,60,62.8,5501115,237.4
Esek Hopkins Middle School,"480 Charles St, Providence, RI 02904",06/30/2012 12:00:00 AM,87560,1916,338446,,0,85,36.9,3231045.6,110.3
Esek Hopkins Middle School,"480 Charles St, Providence, RI 02904",06/30/2011 12:00:00 AM,87560,1916,369571.5,5352.06,0,75,46.7,4087549.5,198.5
Public Safety Complex,"325 Washington Street, Providence, RI 02901",06/30/2016 12:00:00 AM,119002,2002,2697384.3,16928.32,,,91.6,10896308.5,89.9
Allan Shawn Feinstein Elementary School @ Broad Street,"1450 Broad St, Providence, RI 02905",06/30/2016 12:00:00 AM,77899,1895,122564.7,37969.25,,97,54.1,4215115.3,201.7
Public Safety Garage,"349 W Fountain St, Providence, RI 02903",06/30/2017 12:00:00 AM,162976,2002,198491.1,,,,4.2,677251.9,0
Frank D. Spaziano Elementary School,"85 Laurel Hill Ave, Providence, RI 02909",06/30/2013 12:00:00 AM,58015,1908,103923.6,1913.21,2370012,91,50.3,2915920.5,186
Allan Shawn Feinstein Elementary School @ Broad Street,"1450 Broad St, Providence, RI 02905",06/30/2014 12:00:00 AM,77899,1895,127892.4,55079.45,0,89,76.3,5944313.6,292.6
Frank D. Spaziano Elementary School,"85 Laurel Hill Ave, Providence, RI 02909",06/30/2011 12:00:00 AM,58015,1908,132365,2023.43,1822427.9,94,42.7,2476400.6,146
Frank D. Spaziano Elementary School,"85 Laurel Hill Ave, Providence, RI 02909",06/30/2010 12:00:00 AM,58015,1908,136175.6,1886.4,3318072.2,71,68.5,3971343.5,256.3
Davey Lopes Recreation Center,"227 Dudley St, Providence, RI 02907",06/30/2017 12:00:00 AM,11860,1948,97116.9,10342.62,,,115.1,1365625.3,54.9
Frank D. Spaziano Elementary School Annex,"240 Laban Street, Providence, RI 02909",06/30/2014 12:00:00 AM,19585,1910,74742.5,12245.43,0,41,75.5,1479563.9,65
The Family and Community Engagement Center,"379 Washington Street, Providence, RI 02903",06/30/2017 12:00:00 AM,8700,1960,58481.6,4071.68,,59,69.7,606706.8,21.6
Frank D. Spaziano Elementary School Annex,"240 Laban Street, Providence, RI 02909",06/30/2012 12:00:00 AM,19585,1910,65146.7,8339.49,0,69,53.9,1056229.5,44.3
Atwells Avenue Fire Station,"639 Atwells Avenue Providence, RI 02909",06/30/2016 12:00:00 AM,10022,1948,59092,592.73,750444,,100.9,1011339.1,58.8
The Casino at Roger Williams Park,"1000 Elmwood Ave, Providence, RI 02907",06/30/2012 12:00:00 AM,16782,1894,151838.8,6409.35,0,,69.1,1159008.9,34
Reservoir Avenue Elementary School,"156 Reservoir Ave, Providence, RI 02907",06/30/2011 12:00:00 AM,22000,1924,83219.3,13012.39,0,47,72.1,1585182.8,69.1
Frank D. Spaziano Elementary School Annex,"240 Laban Street, Providence, RI 02909",06/30/2010 12:00:00 AM,19585,1910,60622.2,11093.2,0,55,67.2,1316163,58.9
Selim Madelin Rogers Recreation Center,"60 Camden Ave, Providence, RI 02908",06/30/2014 12:00:00 AM,9350,2000,69156.6,11790.55,0,,151.3,1415017.6,62.6
Asa Messer Elementary School @ Samuel W. Bridgham,"1655 Westminster Street Providence, RI, 02909",06/30/2013 12:00:00 AM,109255,1972,595176,54768.74,0,45,68.7,7507615.1,290.9
Admiral Street Fire Station,"426 Admiral Street Providence, RI 02908",06/30/2017 12:00:00 AM,12850,1924,69785.1,11386.64,42090,,110.4,1418860.4,63.6
George J. West Elementary School,"145 Beaufort St, Providence, RI 02908",06/30/2012 12:00:00 AM,112030,1959,216132.1,,0,,,,
Asa Messer Annex (WSPS),"245 Althea St, Providence, RI 02909",06/30/2017 12:00:00 AM,20360,1925,15268,7084,,97,37.4,760494.4,37.6
Juanita Sanchez Educational Complex,"182 Thurbers Ave, Providence, RI 02905",06/30/2013 12:00:00 AM,110000,2004,935186.6,42180.78,0,69,67.4,7408934.5,224
Allens Avenue Fire Station,"776 Allens Avenue Providence, RI 02905",06/30/2016 12:00:00 AM,9440,1948,49396.4,4709.12,,,67.7,639452,25
Gilbert Stuart Middle school,"188 Princeton Ave, Providence, RI 02907",06/30/2014 12:00:00 AM,154450,1929,299053.2,117541.23,0,15,98.9,15282781,810.5
Peter A. Rochio Substation,"1266 Chalkstone Ave, Providence, RI 02908",06/30/2012 12:00:00 AM,914,2006,21583.4,0,0,,80.6,73642.7,0
DelSesto Middle School,"152 Springfield St, Providence, RI 02909",06/30/2014 12:00:00 AM,146000,1998,1011437.3,60762.87,0,45,65.3,9527311.4,322.7
Central-Classical High Schools,"770 Westminster St, Providence, RI 02903",06/30/2012 12:00:00 AM,454059,1962,2943018.3,175625.99,0,48,60.8,27604178.7,932.8
Brook Street Fire Station,"223 Brook Street Providence, RI 02906",06/30/2016 12:00:00 AM,7580,1950,56288.2,3758,,,74.9,567855.3,20
Dr. Jorge Alvarez High School,"375 Adelaide Ave, Providence, RI 02907",06/30/2013 12:00:00 AM,88000,2007,727583.2,35994.84,0,52,69.1,6081998.2,191.2
Nathanael Greene Middle School,"721 Chalkstone Ave, Providence, RI 02908",06/30/2017 12:00:00 AM,168500,1930,251270.6,70630.27,,78,47,7920362.9,375.2
George J. West Elementary School,"145 Beaufort St, Providence, RI 02908",06/30/2010 12:00:00 AM,112030,1959,202945.8,2930.97,6366629.8,64,65.6,7352178.6,488
Harry Kizirian Elementary School,"60 Camden Ave, Providence, RI 02908",06/30/2012 12:00:00 AM,73950,1959,229276.6,,0,,,,
The Casino at Roger Williams Park,"1000 Elmwood Ave, Providence, RI 02907",06/30/2017 12:00:00 AM,16782,1894,137594.9,8373.25,,,77.9,1306798.9,44.5
Harry Kizirian Elementary School,"60 Camden Ave, Providence, RI 02908",06/30/2010 12:00:00 AM,73950,1959,240775.7,5409.77,3383760,65,64.2,4746263.3,279.8
Hartford Avenue Fire Station,"489 Hartford Avenue Providence, RI 02909",06/30/2015 12:00:00 AM,9150,1948,52919.1,0,582635.9,,83.4,763195.9,43.2
Hartford Avenue Fire Station,"489 Hartford Avenue Providence, RI 02909",06/30/2014 12:00:00 AM,9150,1948,52163.7,0,591329.9,,84.1,769312.5,43.9
Hartford Avenue Fire Station,"489 Hartford Avenue Providence, RI 02909",06/30/2013 12:00:00 AM,9150,1948,60087.3,0,692898,,98.1,897915.7,51.4
Hartford Avenue Fire Station,"489 Hartford Avenue Providence, RI 02909",06/30/2012 12:00:00 AM,9150,1948,66862.8,0,606510,,91.2,834646,45
Hartford Avenue Fire Station,"489 Hartford Avenue Providence, RI 02909",06/30/2011 12:00:00 AM,9150,1948,62312.6,0,679236,,97.5,891846.5,50.4
Harry Kizirian Elementary School,"60 Camden Ave, Providence, RI 02908",06/30/2013 12:00:00 AM,73950,1959,263591.6,,0,,,,
Central-Classical High Schools,"770 Westminster St, Providence, RI 02903",06/30/2010 12:00:00 AM,454059,1962,2732141.9,27224.48,13962701.9,56,57.3,26007219.2,1180.8
Providence Police Academy,"200 Chad Brown Street Providence, RI 02908",06/30/2011 12:00:00 AM,20175,1928,39782.2,0,1520484.1,,82.1,1656220.8,112.8
Rochambeau Avenue Fire Station,"270 Rochambeau Avenue Providence, RI 02906",06/30/2014 12:00:00 AM,7400,1928,36172.7,7828,0,,122.5,906221.1,41.6
Vartan Gregorian Elementary School,"455 Wickenden St, Providence, RI 02903",06/30/2017 12:00:00 AM,63000,1954,297984,46668.29,,22,90.2,5683550.3,247.9
Vartan Gregorian Elementary School,"455 Wickenden St, Providence, RI 02903",06/30/2010 12:00:00 AM,63000,1954,274854.1,52898.29,0,18,98.9,6227631.3,281
Roger Williams Park Carousel,"1000 Elmwood Avenue Providence, Rhode Island 02907",06/30/2017 12:00:00 AM,51600,1897,32398.2,6939.01,,,15.6,804443.7,36.9
City Hall,"25 Dorrance St, Providence, RI 02903",06/30/2010 12:00:00 AM,99675,1878,732884.8,60826.01,0,77,86.1,8583203.9,323.1
Esek Hopkins Middle School,"480 Charles St, Providence, RI 02904",06/30/2017 12:00:00 AM,87560,1916,224293.2,29261.21,,89,42.2,3691409.2,155.4
Oliver Hazard Perry (Providence Mayoral Academy ES),"370 Hartford Avenue Providence, Rhode Island 02909",06/30/2016 12:00:00 AM,182488,1929,373129.7,69657.19,,34,45.1,8238837.9,370
"DPW Maintenance, Traffic and Roller Shed","20 Ernest Street Providence, Rhode Island 02905",06/30/2011 12:00:00 AM,117618,1930,306714.7,58052.03,0,,58.3,6851713.9,308.3
Humboldt Avenue Fire Station,"155 Humboldt Avenue Providence, RI 02906",06/30/2011 12:00:00 AM,7460,1905,40233.4,0,637284,,103.8,774560.6,47.3
Humboldt Avenue Fire Station,"155 Humboldt Avenue Providence, RI 02906",06/30/2010 12:00:00 AM,7460,1905,35981.1,0,729605.9,,114.3,852373.4,54.1
Neutaconkanut Recreation Center,"675 Plainfield St, Providence, RI 02909",06/30/2017 12:00:00 AM,15345,1997,49863.2,8416.68,,,65.9,1011801.5,44.7
Steven M. Shaw District 5 Substation,"204 Magnolia St, Providence, RI 02909",06/30/2014 12:00:00 AM,546,1996,9347.2,623,0,,172.5,94192.7,3.3
Allens Avenue Fire Station,"776 Allens Avenue Providence, RI 02905",06/30/2017 12:00:00 AM,9440,1948,44010.7,4975.01,,,68.6,647665.6,26.4
Providence Emergency Management Agency,"591 Charles St, Providence, RI 02904",06/30/2015 12:00:00 AM,12776,1991,160000.8,3427.29,241362,,88.4,1130014.4,36.1
Central Supply,"304 Pearl Street Providence, Rhode Island 02903",06/30/2012 12:00:00 AM,15525,2004,71788.1,4823,0,25,48.2,727240.9,25.6
DPW Administration Building,"700 Allens Avenue Providence, Rhode Island 02905",06/30/2016 12:00:00 AM,20511,1925,56384,13210,,79,73.8,1513382.3,70.2
Juanita Sanchez Educational Complex,"182 Thurbers Ave, Providence, RI 02905",06/30/2016 12:00:00 AM,110000,2004,865554.8,23675.97,,85,48.4,5320870.1,125.8
Roger Williams Park Zoo,"1000 Elmwood Ave, Providence, RI 02907",06/30/2012 12:00:00 AM,136659,1872,2749928.9,87370.13,0,,57.6,18119771.4,464.1
Lillian Feinstein Elementary School @ Sackett Street,"159 Sackett St, Providence, RI 02907",06/30/2013 12:00:00 AM,68400,1921,282648,14976.16,1469286,81,57.5,3931297.2,188.6
Messer Street Fire Station,"201 Messer Street Providence, RI 02909",06/30/2013 12:00:00 AM,9150,1948,67670.4,461.73,415656,,75.7,692720.6,33.3
Lillian Feinstein Elementary School @ Sackett Street,"159 Sackett St, Providence, RI 02907",06/30/2011 12:00:00 AM,68400,1921,292283.2,11935.61,1738386,80,57.4,3929217.6,192.4
City Hall,"25 Dorrance St, Providence, RI 02903",06/30/2017 12:00:00 AM,99675,1878,457158.3,41775,,96,57.6,5737324.1,221.9
Robert F. Kennedy Elementary School,"195 Nelson St, Providence, RI 02908",06/30/2010 12:00:00 AM,49840,1921,129156.3,,3767813.6,60,84.4,4208495.1,279.6
Lillian Feinstein Senior Center,"1085 Chalkstone Ave, Providence, RI 02908",06/30/2014 12:00:00 AM,8520,2001,40136.6,3439,0,,56.4,480846.1,18.3
Lillian Feinstein Senior Center,"1085 Chalkstone Ave, Providence, RI 02908",06/30/2013 12:00:00 AM,8520,2001,46572,2437.42,0,,47.3,402645.6,12.9
E-Cubed Academy,"812 Branch Ave, Providence, RI 02904",06/30/2017 12:00:00 AM,44600,2004,308704,12635.42,,89,51.9,2316840.2,67.1
City Hall,"25 Dorrance St, Providence, RI 02903",06/30/2014 12:00:00 AM,99675,1878,592276.6,38868.84,0,94,59.3,5907732.1,206.5
Lillian Feinstein Senior Center,"1085 Chalkstone Ave, Providence, RI 02908",06/30/2010 12:00:00 AM,8520,2001,33204,1857.07,0,,35.1,298998.5,9.9
E-Cubed Academy,"812 Branch Ave, Providence, RI 02904",06/30/2015 12:00:00 AM,44600,2004,276612,14378.45,0,89,53.4,2381645.3,76.4
Reservoir Avenue Elementary School,"156 Reservoir Ave, Providence, RI 02907",06/30/2013 12:00:00 AM,22000,1924,93065.9,14455.26,0,34,80.1,1763066.8,76.8
Roger Williams Middle School,"278 Thurbers Ave, Providence, RI 02905",06/30/2016 12:00:00 AM,135228,1929,348656.3,69994.62,,59,60.6,8189076.9,371.8
Gilbert Stuart Middle school,"188 Princeton Ave, Providence, RI 02907",06/30/2010 12:00:00 AM,154450,1929,350834.2,3906.23,6496074.2,67,52.3,8083744.1,502.8
Mary E. Fogarty Elementary School,"199 Oxford St, Providence, RI 02905",06/30/2011 12:00:00 AM,51400,1959,146565.9,6998.5,2433906,63,70.7,3633839,217.8
Mary E. Fogarty Elementary School,"199 Oxford St, Providence, RI 02905",06/30/2017 12:00:00 AM,51400,1959,155455.8,25368.49,,72,59.7,3067264,134.7
DelSesto Middle School,"152 Springfield St, Providence, RI 02909",06/30/2012 12:00:00 AM,146000,1998,988333.2,46895.1,0,55,55.2,8061703.2,249.1
Nathanael Greene Middle School,"721 Chalkstone Ave, Providence, RI 02908",06/30/2010 12:00:00 AM,159070,1930,411209.4,7146.69,7657205.8,50,61.5,9774921.7,606.2
Veazie Street Elementary School,"211 Veazie St, Providence, RI 02904",06/30/2017 12:00:00 AM,110000,1909,292944.8,48558.97,,65,53.2,5855424.5,257.9
Robert F. Kennedy Elementary School,"195 Nelson St, Providence, RI 02908",06/30/2017 12:00:00 AM,49840,1921,139277.3,34977.73,,61,79.7,3972987.2,185.8
Messer Street Fire Station,"201 Messer Street Providence, RI 02909",06/30/2011 12:00:00 AM,9150,1948,70030.8,777.62,441324,,82.8,758030.9,36.9
Messer Street Fire Station,"201 Messer Street Providence, RI 02909",06/30/2010 12:00:00 AM,9150,1948,61047,783.61,448500,,80.3,735153.4,37.4
Camp Cronin,"1399 Ocean Road, Narragansett, RI 02882",06/30/2010 12:00:00 AM,4362,1960,3942.3,0,0,,2.3,13451.1,0
The Family and Community Engagement Center,"379 Washington Street, Providence, RI 02903",06/30/2016 12:00:00 AM,8700,1960,80052.6,4791.39,,34,86.5,752278.1,25.4
Branch Avenue Fire Station,"10 Branch Avenue Providence, RI 02904",06/30/2016 12:00:00 AM,14616,1948,97398.3,396.09,774180,,78.4,1146112,59.6
Mount Pleasant High School,"434 Mt Pleasant Ave, Providence, RI 02908",06/30/2013 12:00:00 AM,320000,1938,956726.5,166258.75,0,94,62.2,19890226.2,883.1
"Joseph A. Doorley, Jr. Building","444 Westminster St, Providence, RI 02903",06/30/2016 12:00:00 AM,72000,1966,1168508.8,24023.18,,49,88.7,6389270.4,127.6
Mount Pleasant Avenue Fire Station,"136 Mt Pleasant Ave, Providence, RI 02908",06/30/2010 12:00:00 AM,5332,1903,44811.5,562.51,432768,,120.4,641916.4,35.1
Providence Emergency Management Agency,"591 Charles St, Providence, RI 02904",06/30/2016 12:00:00 AM,12776,1991,155377.5,2527.78,168084,,74.4,951009.6,25.9
Mary E. Fogarty Elementary School,"199 Oxford St, Providence, RI 02905",06/30/2012 12:00:00 AM,51400,1959,148677.8,8658.83,2099118.2,65,67.6,3472290.3,201.8
Nathan Bishop Middle School,"101 Sessions St, Providence, RI 02906",06/30/2017 12:00:00 AM,136000,1929,1227587.7,42194.91,,58,61.8,8408020.7,224.1
West End Recreation Center,"109 Bucklin St, Providence, RI 02907",06/30/2015 12:00:00 AM,25760,1997,155883.2,9852.73,0,,58.9,1517146.6,52.3
Mount Pleasant High School,"434 Mt Pleasant Ave, Providence, RI 02908",06/30/2017 12:00:00 AM,320000,1938,833851.5,153089.74,,96,56.7,18154076.2,813.1
Nathanael Greene Middle School,"721 Chalkstone Ave, Providence, RI 02908",06/30/2012 12:00:00 AM,159070,1930,356793.9,,0,69,48.9,7770987.9,348.1
Mount Pleasant Avenue Fire Station,"136 Mt Pleasant Ave, Providence, RI 02908",06/30/2012 12:00:00 AM,5332,1903,39481.8,518.33,311052,,93.3,497596.5,25.8
Webster Avenue Elementary School,"191 Webster Ave, Providence, RI 02909",06/30/2014 12:00:00 AM,44290,1904,144755.1,0,2532300.2,66,68.3,3026204.5,187.9
Museum of Natural History and Planetarium,"1000 Elmwood Ave, Providence, RI 02907",06/30/2015 12:00:00 AM,19500,1894,235498.9,0,1033068,,94.2,1836590.5,76.7
Frank D. Spaziano Elementary School Annex,"240 Laban Street, Providence, RI 02909",06/30/2016 12:00:00 AM,19585,1910,81864,9480.51,,52,62.7,1227370.9,50.4
Museum of Natural History and Planetarium,"1000 Elmwood Ave, Providence, RI 02907",06/30/2013 12:00:00 AM,19500,1894,233897.5,0,1236204,,104.3,2034262.4,91.7
Museum of Natural History and Planetarium,"1000 Elmwood Ave, Providence, RI 02907",06/30/2012 12:00:00 AM,19500,1894,270895.3,0,966000,,96.9,1890294.9,71.7
Museum of Natural History and Planetarium,"1000 Elmwood Ave, Providence, RI 02907",06/30/2011 12:00:00 AM,19500,1894,261830,0,1047696,,99.5,1941060,77.7
Museum of Natural History and Planetarium,"1000 Elmwood Ave, Providence, RI 02907",06/30/2010 12:00:00 AM,19500,1894,255066.6,0,1166238,,104.4,2036525.4,86.5
"DPW Maintenance, Traffic and Roller Shed","20 Ernest Street Providence, Rhode Island 02905",06/30/2014 12:00:00 AM,117618,1930,255358.1,73593.36,0,,70,8230617.9,390.9
Nathan Bishop Middle School,"101 Sessions St, Providence, RI 02906",06/30/2014 12:00:00 AM,136000,1929,1399367.8,62085.17,0,35,80.8,10983160.5,329.8
Nathan Bishop Middle School,"101 Sessions St, Providence, RI 02906",06/30/2013 12:00:00 AM,136000,1929,1319413.2,57043.42,0,42,75,10206180.1,303
Harry Kizirian Elementary School,"60 Camden Ave, Providence, RI 02908",06/30/2015 12:00:00 AM,73950,1959,261791,46159.66,0,50,74.5,5509197.2,245.2
Anthony Carnevale Elementary School,"50 Springfield St, Providence, RI 02909",06/30/2011 12:00:00 AM,78000,1999,677849.9,24708.36,0,49,61.3,4783660.2,131.2
Nathan Bishop Middle School,"101 Sessions St, Providence, RI 02906",06/30/2010 12:00:00 AM,136000,1929,0,0,0,,,,
Windmill Street School (closed),"110 Paul Street Providence, Rhode Island 02904",06/30/2010 12:00:00 AM,86140,1915,190308.2,2507.54,0,31,65,5596317.7,361.8
George J. West Elementary School,"145 Beaufort St, Providence, RI 02908",06/30/2011 12:00:00 AM,112030,1959,212334.7,5081.33,0,54,73.9,8283039.6,550.2
Mary E. Fogarty Elementary School,"199 Oxford St, Providence, RI 02905",06/30/2016 12:00:00 AM,51400,1959,158500.1,26785.55,,68,62.6,3219357.2,142.3
Rochambeau Avenue Fire Station,"270 Rochambeau Avenue Providence, RI 02906",06/30/2011 12:00:00 AM,7400,1928,47319,7987.12,0,,129.8,960164.6,42.4
Windmill Annex (A Venture),"425 Branch Avenue Providence, Rhode Island 02904",06/30/2010 12:00:00 AM,25060,1930,31512.4,10628,0,91,46.7,1170320.4,56.5
North Main Street Fire Station,"151 North Main Street Providence, RI 02903",06/30/2010 12:00:00 AM,14760,1951,94005.8,585.3,590502,,65.7,969779.8,46.9
Steven M. Shaw District 5 Substation,"204 Magnolia St, Providence, RI 02909",06/30/2016 12:00:00 AM,546,1996,6421.2,493,,,130.4,71209,2.6
Neutaconkanut Recreation Center,"675 Plainfield St, Providence, RI 02909",06/30/2014 12:00:00 AM,15345,1997,57488.3,12709.63,0,,95.6,1467112.5,67.5
Nathanael Greene Middle School,"721 Chalkstone Ave, Providence, RI 02908",06/30/2016 12:00:00 AM,159070,1930,243687.4,61098.57,,85,41.1,6941318.1,324.5
Neutaconkanut Recreation Center,"675 Plainfield St, Providence, RI 02909",06/30/2012 12:00:00 AM,15345,1997,53010.9,7985.85,0,,63.8,979458.1,42.4
Neutaconkanut Recreation Center,"675 Plainfield St, Providence, RI 02909",06/30/2011 12:00:00 AM,15345,1997,57694,11388.71,0,,87,1335722.8,60.5
Reservoir Avenue Fire Station,"274 Reservoir Avenue Providence, RI 02907",06/30/2015 12:00:00 AM,7360,1932,48754.6,536.37,407376,,85.2,627363.8,33.1
North Main Street Fire Station,"151 North Main Street Providence, RI 02903",06/30/2015 12:00:00 AM,14760,1951,92394,5578.32,0,,59.2,873080.8,29.6
North Main Street Fire Station,"151 North Main Street Providence, RI 02903",06/30/2014 12:00:00 AM,14760,1951,86967.4,5343.33,0,,58.2,859217.9,30.5
North Main Street Fire Station,"151 North Main Street Providence, RI 02903",06/30/2013 12:00:00 AM,14760,1951,89590.7,5021.91,63756,,59.1,871630.4,31.4
North Main Street Fire Station,"151 North Main Street Providence, RI 02903",06/30/2012 12:00:00 AM,14760,1951,96624.1,3159.2,104466,,50.8,750067.4,24.5
Brook Street Fire Station,"223 Brook Street Providence, RI 02906",06/30/2017 12:00:00 AM,7580,1950,66036.3,3932.66,,,81.6,618581.7,20.9
Department of Communications,"215 West Exchange Street Providence, Rhode Island 02903",06/30/2013 12:00:00 AM,11752,1987,277177.9,6595.53,0,,136.6,1605284.3,35
Pleasant View Elementary School,"50 Obadiah Brown Rd, Providence, RI 02909",06/30/2015 12:00:00 AM,74800,1971,345186,,0,,,,
Pleasant View Elementary School,"50 Obadiah Brown Rd, Providence, RI 02909",06/30/2014 12:00:00 AM,74800,1971,354296.6,,0,,,,
Pleasant View Elementary School,"50 Obadiah Brown Rd, Providence, RI 02909",06/30/2013 12:00:00 AM,74800,1971,359840,,0,,,,
Pleasant View Elementary School,"50 Obadiah Brown Rd, Providence, RI 02909",06/30/2012 12:00:00 AM,74800,1971,323413.3,,0,,,,
Pleasant View Elementary School,"50 Obadiah Brown Rd, Providence, RI 02909",06/30/2011 12:00:00 AM,74800,1971,324720,,0,,,,
Pleasant View Elementary School,"50 Obadiah Brown Rd, Providence, RI 02909",06/30/2010 12:00:00 AM,74800,1971,305534.5,,0,,,,
Carl G. Lauro Elementary School,"99 Kenyon St, Providence, RI 02903",06/30/2010 12:00:00 AM,117482,1921,238093.4,58748.42,0,69,56.9,6687216.7,312
Providence Career and Technical Academy,"41 Fricker St, Providence, RI 02903",06/30/2014 12:00:00 AM,300000,2009,2073666.5,60477.11,0,,43.7,13123061.5,321.2
The Leviton Complex,"65 Greenwich Street Providence, RI, 02907",06/30/2015 12:00:00 AM,178654,1908,909924,66408.4,0,31,54.5,9745501.1,352.7
Allens Avenue Fire Station,"776 Allens Avenue Providence, RI 02905",06/30/2011 12:00:00 AM,9440,1948,73466.3,0,868434,,118.5,1119101.1,64.4
Providence Career and Technical Academy,"41 Fricker St, Providence, RI 02903",06/30/2011 12:00:00 AM,300000,2009,2018636.2,63593,0,,44.2,13246887.5,337.8
Providence Career and Technical Academy,"41 Fricker St, Providence, RI 02903",06/30/2010 12:00:00 AM,300000,2009,0,0,0,,,,
Juanita Sanchez Educational Complex,"182 Thurbers Ave, Providence, RI 02905",06/30/2014 12:00:00 AM,110000,2004,976046.4,52980.71,0,58,78.4,8628341.7,281.4
Zuccolo Recreation Center,"18 Gesler St, Providence, RI 02909",06/30/2016 12:00:00 AM,11592,1949,62312.1,5353.37,,,64.5,747946.1,28.4
Providence Police Academy,"200 Chad Brown Street Providence, RI 02908",06/30/2013 12:00:00 AM,20175,1928,31728.3,0,1491642,,79.3,1599899.1,110.7
The Leviton Complex,"65 Greenwich Street Providence, RI, 02907",06/30/2011 12:00:00 AM,178654,1908,888066.6,66288.04,0,32,54.1,9658887.4,352.1
"DPW Maintenance, Traffic and Roller Shed","20 Ernest Street Providence, Rhode Island 02905",06/30/2010 12:00:00 AM,117618,1930,302233.1,38543.57,0,,90,10582354.3,627.5
Providence Police Academy,"200 Chad Brown Street Providence, RI 02908",06/30/2010 12:00:00 AM,20175,1928,45585.8,0,1672836,,90.6,1828374.7,124.1
Public Safety Complex,"325 Washington Street, Providence, RI 02901",06/30/2015 12:00:00 AM,119002,2002,2942692.4,20580.68,0,,101.7,12098535.5,109.3
Public Safety Complex,"325 Washington Street, Providence, RI 02901",06/30/2014 12:00:00 AM,119002,2002,3424018.1,22316,0,,116.9,13914351.5,118.5
Public Safety Complex,"325 Washington Street, Providence, RI 02901",06/30/2013 12:00:00 AM,119002,2002,3412054.7,19003.27,0,,113.8,13542259.4,100.9
Public Safety Complex,"325 Washington Street, Providence, RI 02901",06/30/2012 12:00:00 AM,119002,2002,3717194.6,11709.51,0,,116.4,13854021,62.2
B. Jae Clanton Complex,"674 Prairie Avenue
Providence, RI, 02905",06/30/2014 12:00:00 AM,103000,2004,627039.9,40645.37,0,78,60.2,6203997.1,215.9
Leviton Dual Language School,"65 Greenwich St, Providence, RI 02907",06/30/2011 12:00:00 AM,40000,2002,275801.4,9797,0,89,48,1920734.6,52
Public Safety Garage,"349 W Fountain St, Providence, RI 02903",06/30/2015 12:00:00 AM,162976,2002,227617.5,0,0,,4.8,776630.9,0
Public Safety Garage,"349 W Fountain St, Providence, RI 02903",06/30/2014 12:00:00 AM,162976,2002,226706.2,0,0,,4.7,773521.7,0
Public Safety Garage,"349 W Fountain St, Providence, RI 02903",06/30/2013 12:00:00 AM,162976,2002,205299.6,0,0,,4.3,700482.2,0
Public Safety Garage,"349 W Fountain St, Providence, RI 02903",06/30/2012 12:00:00 AM,162976,2002,207356.7,0,0,,4.3,707501,0
Public Safety Garage,"349 W Fountain St, Providence, RI 02903",06/30/2011 12:00:00 AM,162976,2002,225554.5,0,0,,4.7,769592.1,0
Public Safety Garage,"349 W Fountain St, Providence, RI 02903",06/30/2010 12:00:00 AM,162976,2002,231054.3,0,0,,4.8,788357.2,0
Reservoir Avenue Elementary School,"156 Reservoir Ave, Providence, RI 02907",06/30/2015 12:00:00 AM,22000,1924,85955.7,16312.81,0,30,87.5,1924561.6,86.6
Reservoir Avenue Elementary School,"156 Reservoir Ave, Providence, RI 02907",06/30/2014 12:00:00 AM,22000,1924,96167.7,17382.97,0,22,93.9,2066421.1,92.3
Vincent Brown Recreation Center,"438 Hope Street Providence, RI 02906",06/30/2017 12:00:00 AM,18111,1997,22727.8,10363.42,,,61.5,1113889.8,55
Mount Pleasant Avenue Fire Station,"136 Mt Pleasant Ave, Providence, RI 02908",06/30/2011 12:00:00 AM,5332,1903,44461.4,552.97,425316,,118.6,632315.3,34.5
Davey Lopes Recreation Center,"227 Dudley St, Providence, RI 02907",06/30/2013 12:00:00 AM,11860,1948,89179,15789.43,0,,158.8,1883221.4,83.9
Rochambeau Avenue Fire Station,"270 Rochambeau Avenue Providence, RI 02906",06/30/2012 12:00:00 AM,7400,1928,44433.6,6713.98,0,,111.2,823005.1,35.7
Roger Williams Middle School,"278 Thurbers Ave, Providence, RI 02905",06/30/2014 12:00:00 AM,135228,1929,371152,121370.4,0,18,99.1,13403410.8,644.7
DPW Administration Building,"700 Allens Avenue Providence, Rhode Island 02905",06/30/2011 12:00:00 AM,20511,1925,78995.5,18050.6,0,58,101.1,2074593.2,95.9
Reservoir Avenue Fire Station,"274 Reservoir Avenue Providence, RI 02907",06/30/2013 12:00:00 AM,7360,1932,60989.4,621.71,406548,,92,676814.9,33.5
Mount Pleasant Avenue Fire Station,"136 Mt Pleasant Ave, Providence, RI 02908",06/30/2017 12:00:00 AM,5332,1903,32376.4,370.26,338790,,91.2,486284.8,27.1
Steven M. Shaw District 5 Substation,"204 Magnolia St, Providence, RI 02909",06/30/2012 12:00:00 AM,546,1996,8764.1,427,0,,133,72603,2.3
The Leviton Complex,"65 Greenwich Street Providence, RI, 02907",06/30/2016 12:00:00 AM,178654,1908,890732.5,52582.48,,40,46.4,8297428.1,279.3
Robert F. Kennedy Elementary School,"195 Nelson St, Providence, RI 02908",06/30/2015 12:00:00 AM,49840,1921,132943.4,40245.72,0,52,89.9,4478174.7,213.8
Roger Williams Middle School,"278 Thurbers Ave, Providence, RI 02905",06/30/2013 12:00:00 AM,135228,1929,345024,95279.16,0,37,79.2,10705137.8,506.1
Gilbert Stuart Middle school,"188 Princeton Ave, Providence, RI 02907",06/30/2011 12:00:00 AM,154450,1929,348384.4,4574.66,8883473.6,46,68.2,10529627,683.5
Atwells Avenue Fire Station,"639 Atwells Avenue Providence, RI 02909",06/30/2014 12:00:00 AM,10022,1948,58206.7,548.67,606648,,85.8,860116.5,47.9
Robert F. Kennedy Elementary School,"195 Nelson St, Providence, RI 02908",06/30/2011 12:00:00 AM,49840,1921,130833.9,,0,94,44.4,2212280.1,131
Lillian Feinstein Senior Center,"1085 Chalkstone Ave, Providence, RI 02908",06/30/2012 12:00:00 AM,8520,2001,37516,1900.73,0,,37.3,318077.8,10.1
"Robert. L Bailey, IV Elementary School","65 Gordon Ave, Providence, RI 02905",06/30/2015 12:00:00 AM,78000,2000,415785.7,17974.23,0,95,41.2,3216083.8,95.5
"Robert. L Bailey, IV Elementary School","65 Gordon Ave, Providence, RI 02905",06/30/2014 12:00:00 AM,78000,2000,465014.2,23953.32,0,89,51.1,3981961.1,127.2
"Robert. L Bailey, IV Elementary School","65 Gordon Ave, Providence, RI 02905",06/30/2013 12:00:00 AM,78000,2000,447353.3,18559,0,93,43.4,3382269.7,98.6
"Robert. L Bailey, IV Elementary School","65 Gordon Ave, Providence, RI 02905",06/30/2012 12:00:00 AM,78000,2000,476063.9,15735.84,0,93,41,3197913.8,83.6
"Robert. L Bailey, IV Elementary School","65 Gordon Ave, Providence, RI 02905",06/30/2011 12:00:00 AM,78000,2000,498669.8,21626.1,0,89,49.5,3864071.3,114.9
Providence Police Academy,"200 Chad Brown Street Providence, RI 02908",06/30/2015 12:00:00 AM,20175,1928,33011.2,0,1593072,,84.5,1705706.1,118.2
Mount Pleasant High School,"434 Mt Pleasant Ave, Providence, RI 02908",06/30/2015 12:00:00 AM,320000,1938,957941.1,235771.85,0,83,83.9,26845680.2,1252.3
Rochambeau Avenue Fire Station,"270 Rochambeau Avenue Providence, RI 02906",06/30/2016 12:00:00 AM,7400,1928,40740.2,7915,,,125.7,930505.5,42
Pleasant View Elementary School,"50 Obadiah Brown Rd, Providence, RI 02909",06/30/2017 12:00:00 AM,74800,1971,358766.5,82948.62,,16,127.3,9518973.1,440.6
Juanita Sanchez Educational Complex,"182 Thurbers Ave, Providence, RI 02905",06/30/2015 12:00:00 AM,110000,2004,982333.2,59297.42,0,53,84.4,9281463.4,315
Lillian Feinstein Elementary School @ Sackett Street,"159 Sackett St, Providence, RI 02907",06/30/2012 12:00:00 AM,68400,1921,304138.5,12306.84,1946490,75,61.6,4214894.4,209.8
Dalrymple Boat House,"1000 Elmwood Ave, Providence, RI 02907",06/30/2016 12:00:00 AM,17474,1894,69882.6,,345414,,33.4,583853.4,25.6
Allens Avenue Fire Station,"776 Allens Avenue Providence, RI 02905",06/30/2014 12:00:00 AM,9440,1948,54559.2,6838.28,0,,92.2,869984.6,36.3
Frank D. Spaziano Elementary School,"85 Laurel Hill Ave, Providence, RI 02909",06/30/2015 12:00:00 AM,58015,1908,118734.8,2376.88,1955735.9,93,44.8,2598547.1,157.8
Reservoir Avenue Fire Station,"274 Reservoir Avenue Providence, RI 02907",06/30/2012 12:00:00 AM,7360,1932,60368.8,628.42,357282,,85.1,626102.1,29.9
Roger Williams Middle School,"278 Thurbers Ave, Providence, RI 02905",06/30/2012 12:00:00 AM,135228,1929,346817,,0,,,,
Roger Williams Middle School,"278 Thurbers Ave, Providence, RI 02905",06/30/2011 12:00:00 AM,135228,1929,341535,7068.42,0,22,98.7,13351827.4,889.4
Robert F. Kennedy Elementary School,"195 Nelson St, Providence, RI 02908",06/30/2012 12:00:00 AM,49840,1921,149865.9,,0,99,26.4,1317434.1,42.8
William D'Abate Elementary School,"60 Kossuth St, Providence, RI 02909",06/30/2014 12:00:00 AM,44174,1959,213380.8,45148.56,0,26,118.7,5242911.6,239.8
William D'Abate Elementary School,"60 Kossuth St, Providence, RI 02909",06/30/2013 12:00:00 AM,44174,1959,166189.2,35270.09,0,53,92.7,4094046.7,187.3
Neutaconkanut Recreation Center,"675 Plainfield St, Providence, RI 02909",06/30/2013 12:00:00 AM,15345,1997,55772,13248.84,0,,98.7,1515177.9,70.4
Department of Recreation,"One Recreation Way Providence, Rhode Island 02904",06/30/2017 12:00:00 AM,4186,2001,59537.3,,,,,,
Roger Williams Park Zoo,"1000 Elmwood Ave, Providence, RI 02907",06/30/2013 12:00:00 AM,136659,1872,2618626.3,89271.08,0,,56.8,17861862.1,474.2
Selim Madelin Rogers Recreation Center,"60 Camden Ave, Providence, RI 02908",06/30/2010 12:00:00 AM,9350,2000,75974.7,5440.25,0,,85.9,803250.6,28.9
The Casino at Roger Williams Park,"1000 Elmwood Ave, Providence, RI 02907",06/30/2015 12:00:00 AM,16782,1894,257593.5,9572.08,0,,109.4,1836117.3,50.8
The Casino at Roger Williams Park,"1000 Elmwood Ave, Providence, RI 02907",06/30/2014 12:00:00 AM,16782,1894,178472,9597.91,0,,93.5,1568737.7,51
The Casino at Roger Williams Park,"1000 Elmwood Ave, Providence, RI 02907",06/30/2013 12:00:00 AM,16782,1894,165528,7833.04,0,,80.3,1348085.8,41.6
Windmill Street School (closed),"110 Paul Street Providence, Rhode Island 02904",06/30/2011 12:00:00 AM,86140,1915,156978.2,2354.06,4594848,41,62.3,5365863.3,353.5
The Casino at Roger Williams Park,"1000 Elmwood Ave, Providence, RI 02907",06/30/2011 12:00:00 AM,16782,1894,188236.2,9605.25,0,,95.5,1602786.9,51
The Casino at Roger Williams Park,"1000 Elmwood Ave, Providence, RI 02907",06/30/2010 12:00:00 AM,16782,1894,167678.9,8789.76,0,,86.5,1451096.7,46.7
Windmill Annex (A Venture),"425 Branch Avenue Providence, Rhode Island 02904",06/30/2016 12:00:00 AM,25060,1930,55680.8,8775.3,,89,42.6,1067513.2,46.6
The Family and Community Engagement Center,"379 Washington Street, Providence, RI 02903",06/30/2014 12:00:00 AM,8700,1960,90337,967.74,0,29,97.5,848487,38.1
The Family and Community Engagement Center,"379 Washington Street, Providence, RI 02903",06/30/2013 12:00:00 AM,8700,1960,108708,86.45,423098.4,23,92.3,802654.8,31.9
Central Supply,"304 Pearl Street Providence, Rhode Island 02903",06/30/2014 12:00:00 AM,15525,2004,101680.9,6839.59,0,17,66.4,1030894.8,36.3
The Family and Community Engagement Center,"379 Washington Street, Providence, RI 02903",06/30/2011 12:00:00 AM,8700,1960,98269.1,151.5,446134.3,28,91.6,796578.4,33.9
Central Supply,"304 Pearl Street Providence, Rhode Island 02903",06/30/2016 12:00:00 AM,15525,2004,68890.3,6355,,22,56.1,870553.8,33.8
Reservoir Avenue Fire Station,"274 Reservoir Avenue Providence, RI 02907",06/30/2014 12:00:00 AM,7360,1932,43478.2,555.82,468096,,91.3,672025.4,37.7
The Leviton Complex,"65 Greenwich Street Providence, RI, 02907",06/30/2014 12:00:00 AM,178654,1908,922605.5,70532.28,0,28,57.1,10201157.9,374.6
"Joseph A. Doorley, Jr. Building","444 Westminster St, Providence, RI 02903",06/30/2013 12:00:00 AM,72000,1966,1452664.2,36538.81,0,27,119.6,8610371.6,194.1
"Robert. L Bailey, IV Elementary School","65 Gordon Ave, Providence, RI 02905",06/30/2010 12:00:00 AM,78000,2000,460948.3,18832.74,0,92,44.3,3456029.9,100
Mary E. Fogarty Elementary School,"199 Oxford St, Providence, RI 02905",06/30/2013 12:00:00 AM,51400,1959,147087.7,12375.33,2548446,48,83.4,4287842.8,254.8
George J. West Elementary School,"145 Beaufort St, Providence, RI 02908",06/30/2016 12:00:00 AM,112030,1959,207883.9,54732.42,,75,55.2,6182541.7,290.7
Reservoir Avenue Elementary School,"156 Reservoir Ave, Providence, RI 02907",06/30/2017 12:00:00 AM,22000,1924,94858.8,11108.06,,50,65.2,1434464.9,59
Windmill Street School (closed),"110 Paul Street Providence, Rhode Island 02904",06/30/2014 12:00:00 AM,86140,1915,70247.7,13.99,3989718,74,49.1,4230801.9,296.1
Lillian Feinstein Senior Center,"1085 Chalkstone Ave, Providence, RI 02908",06/30/2015 12:00:00 AM,8520,2001,40470.8,3270.12,0,,54.6,465098.9,17.4
Vartan Gregorian Elementary School,"455 Wickenden St, Providence, RI 02903",06/30/2012 12:00:00 AM,63000,1954,239974.9,41890.68,0,37,79.5,5007862.2,222.5
"Joseph A. Doorley, Jr. Building","444 Westminster St, Providence, RI 02903",06/30/2014 12:00:00 AM,72000,1966,1225049.9,38704.49,0,40,111.8,8050319.6,205.6
Vartan Gregorian Elementary School,"455 Wickenden St, Providence, RI 02903",06/30/2013 12:00:00 AM,63000,1954,260274.6,44971.74,0,30,85.5,5385231.3,238.9
Veazie Street Elementary School,"211 Veazie St, Providence, RI 02904",06/30/2014 12:00:00 AM,110000,1909,344905.7,57827.48,0,48,62.7,6959566.8,307.1
Steven M. Shaw District 5 Substation,"204 Magnolia St, Providence, RI 02909",06/30/2013 12:00:00 AM,546,1996,8214.3,525,0,,147.5,80527.3,2.8
Hope High School,"324 Hope St, Providence, RI 02906",06/30/2014 12:00:00 AM,257089,1938,902379.9,206082.74,0,76,92.1,23687194.2,1094.6
Peter A. Rochio Substation,"1266 Chalkstone Ave, Providence, RI 02908",06/30/2011 12:00:00 AM,914,2006,24773.3,0,0,,92.5,84526.4,0
Veazie Street Elementary School,"211 Veazie St, Providence, RI 02904",06/30/2011 12:00:00 AM,110000,1909,392542.8,73362.06,0,26,78.2,8675562.5,389.7
Veazie Street Elementary School,"211 Veazie St, Providence, RI 02904",06/30/2015 12:00:00 AM,110000,1909,363646.6,76216.8,0,27,79.8,8862442.7,404.8
Hartford Avenue Fire Station,"489 Hartford Avenue Providence, RI 02909",06/30/2016 12:00:00 AM,9150,1948,55155.9,,529920,,78.5,718112,39.3
Vincent Brown Recreation Center,"438 Hope Street Providence, RI 02906",06/30/2014 12:00:00 AM,18111,1997,24896,8654,0,,52.5,950345.1,46
Vincent Brown Recreation Center,"438 Hope Street Providence, RI 02906",06/30/2013 12:00:00 AM,18111,1997,23277.7,6607.48,0,,40.9,740171.9,35.1
Roger Williams Park Carousel,"1000 Elmwood Avenue Providence, Rhode Island 02907",06/30/2016 12:00:00 AM,51600,1897,22926.5,6111.01,,,13.4,689325.9,32.5
Vincent Brown Recreation Center,"438 Hope Street Providence, RI 02906",06/30/2011 12:00:00 AM,18111,1997,27921.4,10448.98,0,,63,1140165.7,55.5
Vincent Brown Recreation Center,"438 Hope Street Providence, RI 02906",06/30/2010 12:00:00 AM,18111,1997,39384.6,8156.66,0,,52.5,950045.9,43.3
Webster Avenue Elementary School,"191 Webster Ave, Providence, RI 02909",06/30/2010 12:00:00 AM,44290,1904,134721.4,0,2043090.1,79,56.5,2502759.7,151.6
Juanita Sanchez Educational Complex,"182 Thurbers Ave, Providence, RI 02905",06/30/2011 12:00:00 AM,110000,2004,1020061.8,61778.58,0,51,87.8,9658309.1,328.1
Allan Shawn Feinstein Elementary School @ Broad Street,"1450 Broad St, Providence, RI 02905",06/30/2017 12:00:00 AM,77899,1895,130257,39149.19,,97,56,4359355.7,207.9
Webster Avenue Elementary School,"191 Webster Ave, Providence, RI 02909",06/30/2012 12:00:00 AM,44290,1904,124974.1,0,2020319.9,81,55.2,2446731.4,149.9
Mary E. Fogarty Elementary School,"199 Oxford St, Providence, RI 02905",06/30/2015 12:00:00 AM,51400,1959,149102.6,34167.95,0,55,76.4,3925533.3,181.5
Zuccolo Recreation Center,"18 Gesler St, Providence, RI 02909",06/30/2010 12:00:00 AM,11592,1949,69867.6,6633.76,0,,77.8,901764.6,35.2
Vartan Gregorian Elementary School,"455 Wickenden St, Providence, RI 02903",06/30/2011 12:00:00 AM,63000,1954,272305.8,51634.58,0,20,96.7,6092565.7,274.3
West End Recreation Center,"109 Bucklin St, Providence, RI 02907",06/30/2014 12:00:00 AM,25760,1997,170387.1,8742.07,0,,56.5,1455567.6,46.4
West End Recreation Center,"109 Bucklin St, Providence, RI 02907",06/30/2013 12:00:00 AM,25760,1997,165746.6,5638.75,0,,43.8,1129402.5,30
Dr. Martin Luther King Elementary School,"35 Camp St, Providence, RI 02906",06/30/2016 12:00:00 AM,71724,1959,239507.6,28433.34,,88,51,3660534,151
West End Recreation Center,"109 Bucklin St, Providence, RI 02907",06/30/2011 12:00:00 AM,25760,1997,212591.6,6697.05,0,,54.2,1395067.7,35.6
Broad Street Fire Station,"847 Broad Street Providence, RI 02905

",06/30/2017 12:00:00 AM,9426,1942,73648,3094.52,,,74.4,701222.4,26.9
William D'Abate Elementary School,"60 Kossuth St, Providence, RI 02909",06/30/2015 12:00:00 AM,44174,1959,197509.9,40142.28,0,37,106.1,4688131.8,213.2
Reservoir Avenue Fire Station,"274 Reservoir Avenue Providence, RI 02907",06/30/2017 12:00:00 AM,7360,1932,47502.1,615.3,415380,,86.8,638987.3,34.1
Providence Emergency Management Agency,"591 Charles St, Providence, RI 02904",06/30/2014 12:00:00 AM,12776,1991,138367.9,0,165186,,77.4,989453.5,31
Department of Recreation,"One Recreation Way Providence, Rhode Island 02904",06/30/2011 12:00:00 AM,4186,2001,57335.1,0,241224,,104.4,436851.2,17.9
William D'Abate Elementary School,"60 Kossuth St, Providence, RI 02909",06/30/2011 12:00:00 AM,44174,1959,199865.4,,2942298,61,82,3624238.9,218.3
William D'Abate Elementary School,"60 Kossuth St, Providence, RI 02909",06/30/2010 12:00:00 AM,44174,1959,223341.8,,3860136.2,37,104.6,4622178.5,286.5
Zuccolo Recreation Center,"18 Gesler St, Providence, RI 02909",06/30/2015 12:00:00 AM,11592,1949,59277.9,7271.29,0,,80.2,929384.9,38.6
Zuccolo Recreation Center,"18 Gesler St, Providence, RI 02909",06/30/2014 12:00:00 AM,11592,1949,53772.1,4628.88,0,,55.8,646358.1,24.6
Nathan Bishop Middle School,"101 Sessions St, Providence, RI 02906",06/30/2016 12:00:00 AM,136000,1929,1455763.7,52493,,37,75.1,10216366.3,278.8
Zuccolo Recreation Center,"18 Gesler St, Providence, RI 02909",06/30/2012 12:00:00 AM,11592,1949,53470,614,0,,21,243839.8,3.3
Zuccolo Recreation Center,"18 Gesler St, Providence, RI 02909",06/30/2011 12:00:00 AM,11592,1949,61133,4652.5,0,,58.1,673835.8,24.7
Juanita Sanchez Educational Complex,"182 Thurbers Ave, Providence, RI 02905",06/30/2017 12:00:00 AM,110000,2004,851784.4,24605.26,,86,48.8,5366814.5,130.7
Mount Pleasant High School,"434 Mt Pleasant Ave, Providence, RI 02908",06/30/2011 12:00:00 AM,320000,1938,920058.3,,0,87,78.1,25007962.6,1161.6
Dr. Robert F. Roberti Administration Building,"797 Westminster St., Providence, RI 02903",06/30/2010 12:00:00 AM,56744,1945,1168647,27088.39,0,47,118,6696262.6,143.9
The Leviton Complex,"65 Greenwich Street Providence, RI, 02907",06/30/2013 12:00:00 AM,178654,1908,894241.6,61317.83,0,35,51.4,9182935.3,325.7
"Joseph A. Doorley, Jr. Building","444 Westminster St, Providence, RI 02903",06/30/2012 12:00:00 AM,72000,1966,0,0,0,,,,
"Joseph A. Doorley, Jr. Building","444 Westminster St, Providence, RI 02903",06/30/2011 12:00:00 AM,72000,1966,0,0,0,,,,
"Joseph A. Doorley, Jr. Building","444 Westminster St, Providence, RI 02903",06/30/2010 12:00:00 AM,72000,1966,0,0,0,,,,
Camp Cronin,"1399 Ocean Road, Narragansett, RI 02882",06/30/2015 12:00:00 AM,4362,1960,30163.8,0,0,,21.9,102918.7,0
Camp Cronin,"1399 Ocean Road, Narragansett, RI 02882",06/30/2014 12:00:00 AM,4362,1960,3461.4,0,0,,2,11810.3,0
Central-Classical High Schools,"770 Westminster St, Providence, RI 02903",06/30/2014 12:00:00 AM,454059,1962,2530651.3,204837.75,0,54,64.1,29118357.8,1088
Camp Cronin,"1399 Ocean Road, Narragansett, RI 02882",06/30/2012 12:00:00 AM,4362,1960,5327.6,0,0,,3.1,18177.7,0
Camp Cronin,"1399 Ocean Road, Narragansett, RI 02882",06/30/2011 12:00:00 AM,4362,1960,3139,0,0,,1.8,10710.3,0
Mount Pleasant High School,"434 Mt Pleasant Ave, Providence, RI 02908",06/30/2010 12:00:00 AM,320000,1938,868658.2,8363,0,91,71.3,22830583.7,1456.6
Roger Williams Park Zoo,"1000 Elmwood Ave, Providence, RI 02907",06/30/2015 12:00:00 AM,136659,1872,2898474.6,97700.37,0,,110.7,19659634,518.9
Carl G. Lauro Elementary School,"99 Kenyon St, Providence, RI 02903",06/30/2015 12:00:00 AM,117482,1921,208945.7,86405.81,0,43,79.6,9353503.8,458.9
Admiral Street Fire Station,"426 Admiral Street Providence, RI 02908",06/30/2014 12:00:00 AM,12850,1924,69691.3,8912.87,67482,,93.1,1196555.8,52.3
Frank D. Spaziano Elementary School Annex,"240 Laban Street, Providence, RI 02909",06/30/2017 12:00:00 AM,19585,1910,95203.3,11039.64,,35,73,1428798.2,58.6
Roger Williams Park Zoo,"1000 Elmwood Ave, Providence, RI 02907",06/30/2011 12:00:00 AM,136659,1872,2748349.4,,0,,,,
Roger Williams Park Zoo,"1000 Elmwood Ave, Providence, RI 02907",06/30/2010 12:00:00 AM,136659,1872,2485443.9,,0,,,,
Frank D. Spaziano Elementary School Annex,"240 Laban Street, Providence, RI 02909",06/30/2013 12:00:00 AM,19585,1910,71475,10401.24,0,53,65.6,1283996.9,55.2
Broad Street Fire Station,"847 Broad Street Providence, RI 02905

",06/30/2010 12:00:00 AM,9426,1942,65603.1,928.04,541650,,91.1,858291.8,45.1
Dr. Robert F. Roberti Administration Building,"797 Westminster St., Providence, RI 02903",06/30/2011 12:00:00 AM,56744,1945,1154509.1,25213.8,0,52,113.9,6460565.8,133.9
Lillian Feinstein Senior Center,"1085 Chalkstone Ave, Providence, RI 02908",06/30/2011 12:00:00 AM,8520,2001,38642.7,2598.73,0,,46,391721.8,13.8
George J. West Elementary School,"145 Beaufort St, Providence, RI 02908",06/30/2013 12:00:00 AM,112030,1959,214192,84330.63,0,40,81.8,9163885.8,447.9
Neutaconkanut Recreation Center,"675 Plainfield St, Providence, RI 02909",06/30/2016 12:00:00 AM,15345,1997,48160.4,8413.7,,,65.5,1005693.8,44.7
Peter A. Rochio Substation,"1266 Chalkstone Ave, Providence, RI 02908",06/30/2015 12:00:00 AM,914,2006,29877.9,0,0,,111.5,101943.3,0
Peter A. Rochio Substation,"1266 Chalkstone Ave, Providence, RI 02908",06/30/2014 12:00:00 AM,914,2006,22455.5,0,0,,83.8,76618.3,0
Vincent Brown Recreation Center,"438 Hope Street Providence, RI 02906",06/30/2016 12:00:00 AM,18111,1997,25317,8223,,,50.2,908681.6,43.7
West End Recreation Center,"109 Bucklin St, Providence, RI 02907",06/30/2016 12:00:00 AM,25760,1997,164171.6,7170.2,,,49.6,1277173.7,38.1
Selim Madelin Rogers Recreation Center,"60 Camden Ave, Providence, RI 02908",06/30/2013 12:00:00 AM,9350,2000,74247.2,6460.24,0,,96.2,899355.5,34.3
Asa Messer Annex (WSPS),"245 Althea St, Providence, RI 02909",06/30/2015 12:00:00 AM,20360,1925,18489,7845,0,94,41.6,847584.3,41.7
Lillian Feinstein Elementary School @ Sackett Street,"159 Sackett St, Providence, RI 02907",06/30/2017 12:00:00 AM,68400,1921,255469.3,28019.03,,85,53.7,3673564.7,148.8
Asa Messer Annex (WSPS),"245 Althea St, Providence, RI 02909",06/30/2013 12:00:00 AM,20360,1925,16334.6,4939,0,,27,549633.6,26.2
Department of Communications,"215 West Exchange Street Providence, Rhode Island 02903",06/30/2010 12:00:00 AM,11752,1987,294717.6,7684,0,,151,1773976.4,40.8
Asa Messer Elementary School @ Samuel W. Bridgham,"1655 Westminster Street Providence, RI, 02909",06/30/2010 12:00:00 AM,109255,1972,552573,10359.06,4591259.8,48,68.8,7512545.7,395.7
Asa Messer Annex (WSPS),"245 Althea St, Providence, RI 02909",06/30/2010 12:00:00 AM,20360,1925,57685.1,6678.81,0,82,42.5,864702.2,35.5
Windmill Annex (A Venture),"425 Branch Avenue Providence, Rhode Island 02904",06/30/2015 12:00:00 AM,25060,1930,60458.6,11710.06,0,76,55,1377291.1,62.2
Windmill Annex (A Venture),"425 Branch Avenue Providence, Rhode Island 02904",06/30/2014 12:00:00 AM,25060,1930,72000,14019.93,0,59,65.7,1647657.4,74.5
Oliver Hazard Perry (Providence Mayoral Academy ES),"370 Hartford Avenue Providence, Rhode Island 02909",06/30/2015 12:00:00 AM,182488,1929,293189.3,118771.62,0,10,70.6,12877523.7,630.9
Windmill Annex (A Venture),"425 Branch Avenue Providence, Rhode Island 02904",06/30/2012 12:00:00 AM,25060,1930,24893.5,9890,0,94,42.9,1073936.5,52.5
Bank of America Skating Center,"2 Kennedy Plaza, Providence, RI 02903",06/30/2010 12:00:00 AM,6373,1999,557203.3,9721,0,,450.9,2873277.9,51.6
"Robert. L Bailey, IV Elementary School","65 Gordon Ave, Providence, RI 02905",06/30/2017 12:00:00 AM,78000,2000,346018.1,15217.07,,98,34.6,2702320.8,80.8
Humboldt Avenue Fire Station,"155 Humboldt Avenue Providence, RI 02906",06/30/2013 12:00:00 AM,7460,1905,37607.3,0,802470,,124.8,930786.2,59.6
Roger Williams Park Carousel,"1000 Elmwood Avenue Providence, Rhode Island 02907",06/30/2013 12:00:00 AM,51600,1897,66624.1,6519.69,0,,17,879290.3,34.6
The Family and Community Engagement Center,"379 Washington Street, Providence, RI 02903",06/30/2015 12:00:00 AM,8700,1960,82253.1,6123.64,0,29,102.6,893011.9,32.5
Webster Avenue Elementary School,"191 Webster Ave, Providence, RI 02909",06/30/2013 12:00:00 AM,44290,1904,142976.6,0,1922892.1,80,54.4,2410728.3,142.7
George J. West Elementary School,"145 Beaufort St, Providence, RI 02908",06/30/2014 12:00:00 AM,112030,1959,239301.8,77829.52,0,46,76.8,8599449.6,413.4
Dalrymple Boat House,"1000 Elmwood Ave, Providence, RI 02907",06/30/2012 12:00:00 AM,17474,1894,62072,0,396474,,34.8,608263.7,29.4
Webster Avenue Elementary School,"191 Webster Ave, Providence, RI 02909",06/30/2011 12:00:00 AM,44290,1904,129848,0,1982231.9,82,54.8,2425273.3,147.1
Oliver Hazard Perry (Providence Mayoral Academy ES),"370 Hartford Avenue Providence, Rhode Island 02909",06/30/2014 12:00:00 AM,182488,1929,225920,113222.75,0,15,66.3,12093113.5,601.4
Allan Shawn Feinstein Elementary School @ Broad Street,"1450 Broad St, Providence, RI 02905",06/30/2015 12:00:00 AM,77899,1895,132245.7,63892.54,0,81,87.8,6840476.7,339.4
The Leviton Complex,"65 Greenwich Street Providence, RI, 02907",06/30/2012 12:00:00 AM,178654,1908,943775.7,53518.47,0,35,48,8572010.3,284.3
City Hall,"25 Dorrance St, Providence, RI 02903",06/30/2013 12:00:00 AM,99675,1878,623066.6,36955.01,0,94,58.4,5821404.3,196.3
Juanita Sanchez Educational Complex,"182 Thurbers Ave, Providence, RI 02905",06/30/2012 12:00:00 AM,110000,2004,985260.3,42799.51,0,65,69.5,7641659.8,227.3
West Broadway,"29 Brainbridge Avenue Providence, Rhode Island 02909",06/30/2015 12:00:00 AM,46000,1966,166774.6,0,2801814,60,73.3,3370848.9,207.9
Leviton Dual Language School,"65 Greenwich St, Providence, RI 02907",06/30/2017 12:00:00 AM,40000,2002,295348.2,8425.03,,88,46.3,1850231.4,44.7
West Broadway,"29 Brainbridge Avenue Providence, Rhode Island 02909",06/30/2013 12:00:00 AM,46000,1966,74185.5,0,2881992.2,79,68.2,3135113.3,213.9
West Broadway,"29 Brainbridge Avenue Providence, Rhode Island 02909",06/30/2012 12:00:00 AM,46000,1966,58476.9,0,2696658,85,63,2896181.1,200.1
Dr. Jorge Alvarez High School,"375 Adelaide Ave, Providence, RI 02907",06/30/2012 12:00:00 AM,88000,2007,752769.6,31103.74,0,54,64.5,5678823.8,165.2
Lillian Feinstein Elementary School @ Sackett Street,"159 Sackett St, Providence, RI 02907",06/30/2015 12:00:00 AM,68400,1921,264560.4,14723.81,1653378,81,58.9,4028438.9,200.9
Dr. Martin Luther King Elementary School,"35 Camp St, Providence, RI 02906",06/30/2014 12:00:00 AM,71724,1959,263600,36043.55,0,78,62.8,4503758.1,191.4
B. Jae Clanton Complex,"674 Prairie Avenue
Providence, RI, 02905",06/30/2010 12:00:00 AM,103000,2004,619678.1,66489.67,0,56,85.1,8763309.3,353.2
The Family and Community Engagement Center,"379 Washington Street, Providence, RI 02903",06/30/2012 12:00:00 AM,8700,1960,93341.8,128.03,372883.4,31,80.9,704169.2,28.4
Branch Avenue Fire Station,"10 Branch Avenue Providence, RI 02904",06/30/2013 12:00:00 AM,14616,1948,100362.7,359.86,738162,,76.4,1116586,56.7
Carl G. Lauro Elementary School,"99 Kenyon St, Providence, RI 02903",06/30/2017 12:00:00 AM,117482,1921,180278,79694.13,,52,73.1,8584522,423.3
Roger Williams Park Carousel,"1000 Elmwood Avenue Providence, Rhode Island 02907",06/30/2010 12:00:00 AM,51600,1897,104368.8,9013.6,0,,24.4,1257465.8,47.9
Peter A. Rochio Substation,"1266 Chalkstone Ave, Providence, RI 02908",06/30/2016 12:00:00 AM,914,2006,25768.5,,,,96.2,87922.2,0
Pleasant View Elementary School,"50 Obadiah Brown Rd, Providence, RI 02909",06/30/2016 12:00:00 AM,74800,1971,353409.4,,,,,,
Public Safety Garage,"349 W Fountain St, Providence, RI 02903",06/30/2016 12:00:00 AM,162976,2002,212620,,,,4.5,725459.4,0
Windmill Street School (closed),"110 Paul Street Providence, Rhode Island 02904",06/30/2016 12:00:00 AM,86140,1915,62075.1,,1783236,99,23.2,1995881.2,132.4
Webster Avenue Elementary School,"191 Webster Ave, Providence, RI 02909",06/30/2016 12:00:00 AM,44290,1904,139072.4,,1619706.1,86,47.3,2094221.2,120.2
Camp Cronin,"1399 Ocean Road, Narragansett, RI 02882",06/30/2016 12:00:00 AM,4362,1960,30025.7,,,,23.5,102447.6,0
Messer Street Fire Station,"201 Messer Street Providence, RI 02909",06/30/2016 12:00:00 AM,9150,1948,70749.9,414.73,410964,,75.8,693835.5,32.7
The Casino at Roger Williams Park,"1000 Elmwood Ave, Providence, RI 02907",06/30/2016 12:00:00 AM,16782,1894,158358.2,6722.61,,,72.3,1212579.5,35.7
Windmill Street School (closed),"110 Paul Street Providence, Rhode Island 02904",06/30/2017 12:00:00 AM,86140,1915,58578.7,,2161218,98,27.4,2361088.4,160.4
Windmill Annex (A Venture),"425 Branch Avenue Providence, Rhode Island 02904",06/30/2017 12:00:00 AM,25060,1930,64378.7,10049.74,,81,48.9,1224634.2,53.4
Dr. Robert F. Roberti Administration Building,"797 Westminster St., Providence, RI 02903",06/30/2016 12:00:00 AM,56744,1945,841283.4,21125,,74,87.8,4982959.2,112.2
Harry Kizirian Elementary School,"60 Camden Ave, Providence, RI 02908",06/30/2014 12:00:00 AM,73950,1959,276886.6,56080.48,0,33,88.6,6552785.5,297.9
North Main Street Fire Station,"151 North Main Street Providence, RI 02903",06/30/2011 12:00:00 AM,14760,1951,94558.5,575.44,700350,,73.2,1080527.5,55
Providence Career and Technical Academy,"41 Fricker St, Providence, RI 02903",06/30/2017 12:00:00 AM,300000,2009,1981537.3,62368.94,,,43.3,12997900.6,331.3
Davey Lopes Recreation Center,"227 Dudley St, Providence, RI 02907",06/30/2014 12:00:00 AM,11860,1948,65974.9,15191.61,0,,147.1,1744267.7,80.7
Department of Communications,"215 West Exchange Street Providence, Rhode Island 02903",06/30/2011 12:00:00 AM,11752,1987,290620.6,8242.73,0,,154.5,1815870.2,43.8
Atwells Avenue Fire Station,"639 Atwells Avenue Providence, RI 02909",06/30/2017 12:00:00 AM,10022,1948,57293,8107.82,,,100.4,1006265.3,43.1
Vartan Gregorian Elementary School,"455 Wickenden St, Providence, RI 02903",06/30/2014 12:00:00 AM,63000,1954,285063.2,59040.97,0,13,109.2,6876732.5,313.6
Roger Williams Park Carousel,"1000 Elmwood Avenue Providence, Rhode Island 02907",06/30/2012 12:00:00 AM,51600,1897,93632.9,8482.81,0,,22.6,1167756.4,45.1
Robert F. Kennedy Elementary School,"195 Nelson St, Providence, RI 02908",06/30/2014 12:00:00 AM,49840,1921,126401,35652.4,0,64,80.2,3996520.3,189.4
The Leviton Complex,"65 Greenwich Street Providence, RI, 02907",06/30/2010 12:00:00 AM,178654,1908,938347.1,62535.15,0,30,52.9,9455155.7,332.2
West Broadway Middle School,"29 Brainbridge Avenue Providence, Rhode Island 02909",06/30/2017 12:00:00 AM,46000,1966,180712.3,30628,,47,80,3679389.8,162.7
Mount Pleasant Avenue Fire Station,"136 Mt Pleasant Ave, Providence, RI 02908",06/30/2014 12:00:00 AM,5332,1903,34700.7,429.21,400752,,105.4,562071.5,32
Providence Career and Technical Academy,"41 Fricker St, Providence, RI 02903",06/30/2015 12:00:00 AM,300000,2009,2058564.3,67147.22,0,,45.8,13738544.2,356.7
Dr. Robert F. Roberti Administration Building,"797 Westminster St., Providence, RI 02903",06/30/2012 12:00:00 AM,56744,1945,1017129,22706.07,0,60,101.2,5741051.4,120.6
Harry Kizirian Elementary School,"60 Camden Ave, Providence, RI 02908",06/30/2011 12:00:00 AM,73950,1959,259818.2,4983.44,0,52,74.2,5483532.4,330.6
Gilbert Stuart Middle School,"188 Princeton Ave, Providence, RI 02907",06/30/2016 12:00:00 AM,154450,1929,333468.6,96702.45,,40,70,10808040.4,513.6
DelSesto Middle School,"152 Springfield St, Providence, RI 02909",06/30/2017 12:00:00 AM,146000,1998,849599.9,45119.64,,69,50.8,7410799.3,239.7
North Main Street Fire Station,"151 North Main Street Providence, RI 02903",06/30/2016 12:00:00 AM,14760,1951,88218.3,3871.33,,,46.6,688134.2,20.6
West End Recreation Center,"109 Bucklin St, Providence, RI 02907",06/30/2012 12:00:00 AM,25760,1997,198358.4,4338.38,0,,43.1,1110636.3,23
B. Jae Clanton Complex,"674 Prairie Avenue
Providence, RI, 02905",06/30/2013 12:00:00 AM,103000,2004,605157.4,34492.02,0,84,53.5,5513999.2,183.2
Branch Avenue Fire Station,"10 Branch Avenue Providence, RI 02904",06/30/2015 12:00:00 AM,14616,1948,90136.8,372.34,778734,,76.9,1123515.4,59.8
Hope High School,"324 Hope St, Providence, RI 02906",06/30/2010 12:00:00 AM,257089,1938,753062.4,147278.82,0,92,67.3,17297331.1,782.3
"DPW Maintenance, Traffic and Roller Shed","20 Ernest Street Providence, Rhode Island 02905",06/30/2016 12:00:00 AM,117618,1930,247174.2,55366.61,,,54.2,6380019.3,294.1
George J. West Elementary School,"145 Beaufort St, Providence, RI 02908",06/30/2015 12:00:00 AM,112030,1959,231105.6,90366.18,0,34,87.7,9825150.1,480
Mount Pleasant Avenue Fire Station,"136 Mt Pleasant Ave, Providence, RI 02908",06/30/2016 12:00:00 AM,5332,1903,33707,370.56,367770,,97.5,519834.3,29.3
Hartford Avenue Fire Station,"489 Hartford Avenue Providence, RI 02909",06/30/2017 12:00:00 AM,9150,1948,58578.2,,509082,,77.5,708951,37.8
Brook Street Fire Station,"223 Brook Street Providence, RI 02906",06/30/2012 12:00:00 AM,7580,1950,60201.5,3547.06,0,,73.9,560113.8,18.8
Messer Street Fire Station,"201 Messer Street Providence, RI 02909",06/30/2017 12:00:00 AM,9150,1948,74118.2,421.82,322782,,67.5,617855.3,26.2
Department of Communications,"215 West Exchange Street Providence, Rhode Island 02903",06/30/2016 12:00:00 AM,11752,1987,268266.2,6016,,,122.7,1516924.4,32
Reservoir Avenue Elementary School,"156 Reservoir Ave, Providence, RI 02907",06/30/2010 12:00:00 AM,22000,1924,82664.2,13630.39,0,43,74.8,1645089,72.4
William D'Abate Elementary School,"60 Kossuth St, Providence, RI 02909",06/30/2016 12:00:00 AM,44174,1959,200736.7,32297,,51,88.6,3914613.5,171.5
Lillian Feinstein Elementary School @ Sackett Street,"159 Sackett St, Providence, RI 02907",06/30/2016 12:00:00 AM,68400,1921,264147.1,17944.42,350243.9,91,44.5,3045955.7,121.3
Admiral Street Fire Station,"426 Admiral Street Providence, RI 02908",06/30/2010 12:00:00 AM,12850,1924,75559.8,835.99,994290,,103.9,1335699.6,78.2
Dalrymple Boat House,"1000 Elmwood Ave, Providence, RI 02907",06/30/2015 12:00:00 AM,17474,1894,66221.2,0,460368,,39.3,686314.6,34.2
Neutaconkanut Recreation Center,"675 Plainfield St, Providence, RI 02909",06/30/2015 12:00:00 AM,15345,1997,51137.1,10319.08,0,,78.6,1206388.4,54.8
Museum of Natural History and Planetarium,"1000 Elmwood Ave, Providence, RI 02907",06/30/2016 12:00:00 AM,19500,1894,250580.3,,992220,,94.7,1847200,73.6
Department of Recreation,"One Recreation Way Providence, Rhode Island 02904",06/30/2012 12:00:00 AM,4186,2001,56607.2,0,83352,,66.1,276495.8,6.2
Vartan Gregorian Elementary School,"455 Wickenden St, Providence, RI 02903",06/30/2015 12:00:00 AM,63000,1954,249058.2,55327.87,0,19,101.3,6382573.8,293.9
Juanita Sanchez Educational Complex,"182 Thurbers Ave, Providence, RI 02905",06/30/2010 12:00:00 AM,110000,2004,996692,38818.74,0,65,66.2,7282587.3,206.2
Oliver Hazard Perry (Providence Mayoral Academy ES),"370 Hartford Avenue Providence, Rhode Island 02909",06/30/2017 12:00:00 AM,182488,1929,387842.4,83379.68,,22,52.9,9661285.9,442.9
Davey Lopes Recreation Center,"227 Dudley St, Providence, RI 02907",06/30/2010 12:00:00 AM,11860,1948,93253.4,13728.4,0,,142.6,1691020.6,72.9
Dr. Jorge Alvarez High School,"375 Adelaide Ave, Providence, RI 02907",06/30/2015 12:00:00 AM,88000,2007,642267.7,41330.86,0,55,71.9,6324503.2,219.5
Frank D. Spaziano Elementary School,"85 Laurel Hill Ave, Providence, RI 02909",06/30/2012 12:00:00 AM,58015,1908,115951.2,1562.35,1623707.9,97,37.5,2175569.1,128.8
Frank D. Spaziano Elementary School Annex,"240 Laban Street, Providence, RI 02909",06/30/2015 12:00:00 AM,19585,1910,81094.5,12632.44,0,36,78.6,1539938.7,67.1
Esek Hopkins Middle School,"480 Charles St, Providence, RI 02904",06/30/2016 12:00:00 AM,87560,1916,247282.7,28821.69,,87,42.6,3725898.1,153.1
Steven M. Shaw District 5 Substation,"204 Magnolia St, Providence, RI 02909",06/30/2015 12:00:00 AM,546,1996,7914.6,621,0,,163.2,89104.7,3.3
Oliver Hazard Perry (Providence Mayoral Academy ES),"370 Hartford Avenue Providence, Rhode Island 02909",06/30/2013 12:00:00 AM,182488,1929,146506.6,68457.45,0,64,40.3,7345625.8,363.6
Windmill Street School (closed),"110 Paul Street Providence, Rhode Island 02904",06/30/2012 12:00:00 AM,86140,1915,78139.5,62.67,3527004,78,44.1,3799882.9,262.1
Asa Messer Annex (WSPS),"245 Althea St, Providence, RI 02909",06/30/2012 12:00:00 AM,20360,1925,38621.1,5101,0,96,31.5,641875.3,27.1
Hope High School,"324 Hope St, Providence, RI 02906",06/30/2011 12:00:00 AM,257089,1938,761137.4,222097.34,0,76,96.5,24806734.8,1179.7
Dr. Robert F. Roberti Administration Building,"797 Westminster St., Providence, RI 02903",06/30/2017 12:00:00 AM,56744,1945,784141.8,24343,,77,90,5109792.2,129.3
E-Cubed Academy,"812 Branch Ave, Providence, RI 02904",06/30/2011 12:00:00 AM,44600,2004,386664,9312.03,0,83,50.5,2250500.8,49.5
Lillian Feinstein Elementary School @ Sackett Street,"159 Sackett St, Providence, RI 02907",06/30/2010 12:00:00 AM,68400,1921,281110.6,12797.03,1653654.1,81,56.9,3892506.8,190.7
Frank D. Spaziano Elementary School Annex,"240 Laban Street, Providence, RI 02909",06/30/2011 12:00:00 AM,19585,1910,63271.1,11283.6,0,54,68.6,1344241,59.9
Reservoir Avenue Fire Station,"274 Reservoir Avenue Providence, RI 02907",06/30/2011 12:00:00 AM,7360,1932,54043,664.07,453192,,95.7,703994,37.2
Mount Pleasant Avenue Fire Station,"136 Mt Pleasant Ave, Providence, RI 02908",06/30/2015 12:00:00 AM,5332,1903,32134.9,374.38,416208,,105.6,563289.8,32.9
Mount Pleasant Avenue Fire Station,"136 Mt Pleasant Ave, Providence, RI 02908",06/30/2013 12:00:00 AM,5332,1903,36465.2,419.19,333822,,93.8,500160.8,27
The Leviton Complex,"65 Greenwich Street Providence, RI, 02907",06/30/2017 12:00:00 AM,178654,1908,857374.6,42207.44,,53,40,7146106.8,224.2
Humboldt Avenue Fire Station,"155 Humboldt Avenue Providence, RI 02906",06/30/2017 12:00:00 AM,7460,1905,29611.8,,659364,,101.9,760399.3,48.9
Humboldt Avenue Fire Station,"155 Humboldt Avenue Providence, RI 02906",06/30/2015 12:00:00 AM,7460,1905,35959.7,0,723396,,113.4,846090.6,53.7
Broad Street Fire Station,"847 Broad Street Providence, RI 02905

",06/30/2015 12:00:00 AM,9426,1942,70433.6,939.18,453744,,83.6,787981.4,38.7
Brook Street Fire Station,"223 Brook Street Providence, RI 02906",06/30/2010 12:00:00 AM,7580,1950,59817.6,4450.43,0,,85.6,649140.5,23.6
Dr. Jorge Alvarez High School,"375 Adelaide Ave, Providence, RI 02907",06/30/2010 12:00:00 AM,88000,2007,655052.2,24559.95,0,70,53.3,4691033.8,130.4
Asa Messer Elementary School @ Samuel W. Bridgham,"1655 Westminster Street Providence, RI, 02909",06/30/2017 12:00:00 AM,109255,1972,440670.1,33168.42,,88,44.1,4820408.8,176.2
Hope High School,"324 Hope St, Providence, RI 02906",06/30/2016 12:00:00 AM,257089,1938,858760.6,143517.61,,91,67.2,17281852.4,762.3
Roger Williams Park Zoo,"1000 Elmwood Ave, Providence, RI 02907",06/30/2014 12:00:00 AM,136659,1872,2891065.9,104363.07,0,,64.6,20300624.9,554.3
Dexter Street Garage,"382 Dexter St, Providence, RI 02907",06/30/2017 12:00:00 AM,17000,1905,109646.7,852.94,,,83.2,1415058.8,75.4
Peter A. Rochio Substation,"1266 Chalkstone Ave, Providence, RI 02908",06/30/2010 12:00:00 AM,914,2006,20957.4,0,0,,78.2,71506.6,0
Leviton Dual Language School,"65 Greenwich St, Providence, RI 02907",06/30/2016 12:00:00 AM,40000,2002,303308.9,7340.81,,88,44.2,1768970.8,39
Nathanael Greene Middle School,"721 Chalkstone Ave, Providence, RI 02908",06/30/2015 12:00:00 AM,159070,1930,290192.9,133897.56,0,23,88.8,14379894.2,711.2
Asa Messer Elementary School @ Samuel W. Bridgham,"1655 Westminster Street Providence, RI, 02909",06/30/2014 12:00:00 AM,109255,1972,643206,62986.19,0,33,77.7,8493238.7,334.5
B. Jae Clanton Complex,"674 Prairie Avenue
Providence, RI, 02905",06/30/2015 12:00:00 AM,103000,2004,608799.9,44699.11,0,76,63.6,6547136.9,237.4
William D'Abate Elementary School,"60 Kossuth St, Providence, RI 02909",06/30/2012 12:00:00 AM,44174,1959,161055.3,,0,,17.5,772428.3,16.2
Esek Hopkins Middle School,"480 Charles St, Providence, RI 02904",06/30/2010 12:00:00 AM,87560,1916,334812.4,5570.07,2301011.9,78,45.7,4000398.6,200.3
Dr. Martin Luther King Elementary School,"35 Camp St, Providence, RI 02906",06/30/2017 12:00:00 AM,71724,1959,236625.6,28014.67,,89,50.3,3608833.4,148.8
Gilbert Stuart Middle School,"188 Princeton Ave, Providence, RI 02907",06/30/2017 12:00:00 AM,154450,1929,349681.7,85046.8,,50,62.8,9697794.4,451.7
Providence Police Academy,"200 Chad Brown Street Providence, RI 02908",06/30/2014 12:00:00 AM,20175,1928,37525.6,0,1952562,,103.1,2080599.3,144.9
Branch Avenue Fire Station,"10 Branch Avenue Providence, RI 02904",06/30/2012 12:00:00 AM,14616,1948,96310.4,356.47,537234,,61.7,901491.8,41.8
Veazie Street Elementary School,"211 Veazie St, Providence, RI 02904",06/30/2012 12:00:00 AM,110000,1909,389926.6,62297.65,0,35,68.1,7560194.8,330.9
Nathan Bishop Middle School,"101 Sessions St, Providence, RI 02906",06/30/2015 12:00:00 AM,136000,1929,1401960.1,63527,0,34,81.9,11136188.5,337.4
Messer Street Fire Station,"201 Messer Street Providence, RI 02909",06/30/2014 12:00:00 AM,9150,1948,68931.1,444.87,512532,,86.6,792211.6,40.4
Robert F. Kennedy Elementary School,"195 Nelson St, Providence, RI 02908",06/30/2013 12:00:00 AM,49840,1921,128224,31209.67,0,72,71.4,3558467.8,165.8
Selim Madelin Rogers Recreation Center,"60 Camden Ave, Providence, RI 02908",06/30/2012 12:00:00 AM,9350,2000,56816,4877.72,0,,72.9,681628.6,25.9
Zuccolo Recreation Center,"18 Gesler St, Providence, RI 02909",06/30/2013 12:00:00 AM,11592,1949,57698.7,213,0,,18.8,218168.1,1.1
Windmill Street School (closed),"110 Paul Street Providence, Rhode Island 02904",06/30/2015 12:00:00 AM,86140,1915,65971.2,13.99,2940228,91,36.8,3166720.7,218.3
Roger Williams Park Carousel,"1000 Elmwood Avenue Providence, Rhode Island 02907",06/30/2015 12:00:00 AM,51600,1897,29037,8006.04,0,,17.4,899678.3,42.5
Dr. Robert F. Roberti Administration Building,"797 Westminster St., Providence, RI 02903",06/30/2014 12:00:00 AM,56744,1945,867662.7,27742.13,0,70,101.1,5734678.1,147.4
Providence Career and Technical Academy,"41 Fricker St, Providence, RI 02903",06/30/2013 12:00:00 AM,300000,2009,1869233.1,51219.7,0,,38.3,11499794.3,272.1
Dr. Martin Luther King Elementary School,"35 Camp St, Providence, RI 02906",06/30/2013 12:00:00 AM,71724,1959,291159.1,32301.89,0,78,58.9,4223624.4,171.6
DelSesto Middle School,"152 Springfield St, Providence, RI 02909",06/30/2013 12:00:00 AM,146000,1998,963541.6,43492.74,0,61,52.3,7636878.8,231
Nathanael Greene Middle School,"721 Chalkstone Ave, Providence, RI 02908",06/30/2014 12:00:00 AM,159070,1930,279945,107935.52,0,40,73.9,11748724,573.3
DelSesto Middle School,"152 Springfield St, Providence, RI 02909",06/30/2011 12:00:00 AM,146000,1998,1097800,61978.17,0,39,68.1,9943510.9,329.2
Department of Communications,"215 West Exchange Street Providence, Rhode Island 02903",06/30/2014 12:00:00 AM,11752,1987,267688.5,8302.53,0,,148.4,1743606.5,44.1
Roger Williams Park Carousel,"1000 Elmwood Avenue Providence, Rhode Island 02907",06/30/2011 12:00:00 AM,51600,1897,101681.6,11061,0,,28.2,1453037.8,58.8
Allan Shawn Feinstein Elementary School @ Broad Street,"1450 Broad St, Providence, RI 02905",06/30/2010 12:00:00 AM,77899,1895,122123.3,1231.71,4972554.2,92,70.8,5512409.8,375.6
"Joseph A. Doorley, Jr. Building","444 Westminster St, Providence, RI 02903",06/30/2015 12:00:00 AM,72000,1966,1224633.4,30834.49,0,44,100.9,7261899.2,163.8
Veazie Street Elementary School,"211 Veazie St, Providence, RI 02904",06/30/2016 12:00:00 AM,110000,1909,310565.4,42964.77,,69,48.3,5356126.4,228.2
Mary E. Fogarty Elementary School,"199 Oxford St, Providence, RI 02905",06/30/2010 12:00:00 AM,51400,1959,152425.2,6499.04,1967879.9,72,61,3137858.8,180.6
DPW Administration Building,"700 Allens Avenue Providence, Rhode Island 02905",06/30/2013 12:00:00 AM,20511,1925,72972,13081.82,0,75,75.9,1557162.3,69.5
Central Supply,"304 Pearl Street Providence, Rhode Island 02903",06/30/2017 12:00:00 AM,15525,2004,70990,7773,,19,65.7,1019517.9,41.3
Providence Emergency Management Agency,"591 Charles St, Providence, RI 02904",06/30/2010 12:00:00 AM,12776,1991,97287.9,0,206310,,42.1,538256.2,15.3
West Broadway Middle School,"29 Brainbridge Avenue Providence, Rhode Island 02909",06/30/2016 12:00:00 AM,46000,1966,182072.5,,1802984,75,54.9,2526915.4,139.3
Roger Williams Park Carousel,"1000 Elmwood Avenue Providence, Rhode Island 02907",06/30/2014 12:00:00 AM,51600,1897,28207.2,8365.78,0,,18.1,932820.7,44.4
Oliver Hazard Perry (Providence Mayoral Academy ES),"370 Hartford Avenue Providence, Rhode Island 02909",06/30/2011 12:00:00 AM,182488,1929,123868.6,91802,0,41,52.6,9602839.6,487.6
Central-Classical High Schools,"770 Westminster St, Providence, RI 02903",06/30/2013 12:00:00 AM,454059,1962,2594777,181949.52,0,56,59.6,27048332.2,966.4
Windmill Street School (closed),"110 Paul Street Providence, Rhode Island 02904",06/30/2013 12:00:00 AM,86140,1915,59735.3,12.98,3313656,86,40.8,3518770.3,246
City Hall,"25 Dorrance St, Providence, RI 02903",06/30/2011 12:00:00 AM,99675,1878,738822.9,53189.42,0,82,78.7,7839806.7,282.5
Frank D. Spaziano Elementary School,"85 Laurel Hill Ave, Providence, RI 02909",06/30/2016 12:00:00 AM,58015,1908,107460,7871.02,747270,98,32.8,1901025.2,97.3
Mount Pleasant High School,"434 Mt Pleasant Ave, Providence, RI 02908",06/30/2016 12:00:00 AM,320000,1938,887388.3,157235.57,,95,58.6,18751326,835.2
Vincent Brown Recreation Center,"438 Hope Street Providence, RI 02906",06/30/2012 12:00:00 AM,18111,1997,30856.1,8424.88,0,,52.3,947769,44.7
"Robert. L Bailey, IV Elementary School","65 Gordon Ave, Providence, RI 02905",06/30/2016 12:00:00 AM,78000,2000,435686.6,13372.36,,96,36.2,2823798.6,71
Steven M. Shaw District 5 Substation,"204 Magnolia St, Providence, RI 02909",06/30/2017 12:00:00 AM,546,1996,7105.2,488,,,133.8,73042.9,2.6
Messer Street Fire Station,"201 Messer Street Providence, RI 02909",06/30/2012 12:00:00 AM,9150,1948,68941.1,643.9,325956,,68.4,625572.9,27.6
City Hall,"25 Dorrance St, Providence, RI 02903",06/30/2016 12:00:00 AM,99675,1878,494239,39817.35,,96,56.9,5668078.9,211.5
Rochambeau Avenue Fire Station,"270 Rochambeau Avenue Providence, RI 02906",06/30/2015 12:00:00 AM,7400,1928,38993.7,8524,0,,133.2,985446.6,45.3
George J. West Elementary School,"145 Beaufort St, Providence, RI 02908",06/30/2017 12:00:00 AM,112030,1959,221420.5,63000.91,,64,63,7055578.1,334.6
Humboldt Avenue Fire Station,"155 Humboldt Avenue Providence, RI 02906",06/30/2016 12:00:00 AM,7460,1905,39936.2,,656328,,106.2,792590.3,48.7
Webster Avenue Elementary School,"191 Webster Ave, Providence, RI 02909",06/30/2017 12:00:00 AM,44290,1904,121697.1,,,82,53.5,2371430.4,103.9
Central-Classical High Schools,"770 Westminster St, Providence, RI 02903",06/30/2016 12:00:00 AM,454059,1962,2082364.8,140213.2,,97,46.5,21126349.5,744.7
Asa Messer Elementary School @ Samuel W. Bridgham,"1655 Westminster Street Providence, RI, 02909",06/30/2011 12:00:00 AM,109255,1972,556167.2,10523.9,0,46,71.8,7845654.4,419.2
DPW Administration Building,"700 Allens Avenue Providence, Rhode Island 02905",06/30/2017 12:00:00 AM,20511,1925,61957.9,15366.03,,71,85.2,1748003.6,81.6
Dr. Jorge Alvarez High School,"375 Adelaide Ave, Providence, RI 02907",06/30/2014 12:00:00 AM,88000,2007,698583.2,43429.07,0,48,76.4,6726473,230.7
Hope High School,"324 Hope St, Providence, RI 02906",06/30/2017 12:00:00 AM,257089,1938,745770.1,168683.89,,89,75.5,19412956.7,896
Admiral Street Fire Station,"426 Admiral Street Providence, RI 02908",06/30/2016 12:00:00 AM,12850,1924,84102.5,10436.41,41124,,106.7,1371722.4,58.5
Gilbert Stuart Middle school,"188 Princeton Ave, Providence, RI 02907",06/30/2013 12:00:00 AM,154450,1929,305244,5211.06,8617409.7,51,65.9,10180008.1,667.2
Providence Emergency Management Agency,"591 Charles St, Providence, RI 02904",06/30/2012 12:00:00 AM,12776,1991,95253.9,0,280830,,47.4,605836.2,20.8
Webster Avenue Elementary School,"191 Webster Ave, Providence, RI 02909",06/30/2015 12:00:00 AM,44290,1904,166954.1,0,2186057.8,69,62.2,2755705.4,162.2
Atwells Avenue Fire Station,"639 Atwells Avenue Providence, RI 02909",06/30/2015 12:00:00 AM,10022,1948,62233.1,526.67,705594,,96.8,970600.7,55.2
DPW Administration Building,"700 Allens Avenue Providence, Rhode Island 02905",06/30/2012 12:00:00 AM,20511,1925,73943.4,12055.58,0,76,71.1,1457852.5,64
Reservoir Avenue Fire Station,"274 Reservoir Avenue Providence, RI 02907",06/30/2016 12:00:00 AM,7360,1932,42314.4,603.64,394404,,81.4,599145,32.5
"Joseph A. Doorley, Jr. Building","444 Westminster St, Providence, RI 02903",06/30/2017 12:00:00 AM,72000,1966,963418.1,28014.6,,65,84.6,6088643,148.8
Neutaconkanut Recreation Center,"675 Plainfield St, Providence, RI 02909",06/30/2010 12:00:00 AM,15345,1997,59919.3,10615.07,0,,82.5,1265951.6,56.4
Department of Communications,"215 West Exchange Street Providence, Rhode Island 02903",06/30/2015 12:00:00 AM,11752,1987,270049.4,8965.13,0,,154.7,1817921.3,47.6
Providence Police Academy,"200 Chad Brown Street Providence, RI 02908",06/30/2016 12:00:00 AM,20175,1928,27426.6,,1370340,,72.6,1463919.6,101.7
West End Recreation Center,"109 Bucklin St, Providence, RI 02907",06/30/2017 12:00:00 AM,25760,1997,191191.1,9291.94,,,61.4,1581538.2,49.4
Nathan Bishop Middle School,"101 Sessions St, Providence, RI 02906",06/30/2012 12:00:00 AM,136000,1929,1109049.5,44758.97,0,63,60.7,8259974.4,237.7
Public Safety Complex,"325 Washington Street, Providence, RI 02901",06/30/2011 12:00:00 AM,119002,2002,4197090.3,21425.21,0,,138.3,16462995,113.8
Dr. Jorge Alvarez High School,"375 Adelaide Ave, Providence, RI 02907",06/30/2011 12:00:00 AM,88000,2007,786969.6,33735.5,0,50,68.8,6058690.9,179.2
Allan Shawn Feinstein Elementary School @ Broad Street,"1450 Broad St, Providence, RI 02905",06/30/2013 12:00:00 AM,77899,1895,112992.2,44854.55,0,95,62.5,4870984.6,238.2
Windmill Annex (A Venture),"425 Branch Avenue Providence, Rhode Island 02904",06/30/2013 12:00:00 AM,25060,1930,31775.9,8841.13,0,95,39.6,992532.4,47
Gilbert Stuart Middle school,"188 Princeton Ave, Providence, RI 02907",06/30/2015 12:00:00 AM,154450,1929,311784.1,103103.77,0,38,73.6,11374184,547.6
"DPW Maintenance, Traffic and Roller Shed","20 Ernest Street Providence, Rhode Island 02905",06/30/2013 12:00:00 AM,117618,1930,249561.3,74248.04,0,,70.4,8276307.6,394.4
Hope High School,"324 Hope St, Providence, RI 02906",06/30/2015 12:00:00 AM,257089,1938,860109.9,213946.49,0,75,94.6,24329344.7,1136.4
Hope High School,"324 Hope St, Providence, RI 02906",06/30/2013 12:00:00 AM,257089,1938,945899.9,165785.14,0,85,77,19805925.2,880.6
Allan Shawn Feinstein Elementary School @ Broad Street,"1450 Broad St, Providence, RI 02905",06/30/2011 12:00:00 AM,77899,1895,134470.9,1512.88,4429109.7,95,64.7,5039212.1,336.7
Selim Madelin Rogers Recreation Center,"60 Camden Ave, Providence, RI 02908",06/30/2017 12:00:00 AM,9350,2000,50231.4,9138.87,,,116.1,1085276.1,48.5
Lillian Feinstein Senior Center,"1085 Chalkstone Ave, Providence, RI 02908",06/30/2017 12:00:00 AM,8520,2001,41170.5,3169.8,,,53.7,457454.3,16.8
Branch Avenue Fire Station,"10 Branch Avenue Providence, RI 02904",06/30/2014 12:00:00 AM,14616,1948,90415.2,347.94,861258,,82.4,1204548.6,65.8
Mary E. Fogarty Elementary School,"199 Oxford St, Providence, RI 02905",06/30/2014 12:00:00 AM,51400,1959,161368.3,12680.05,0,44,85.8,4411461.9,259.8
B. Jae Clanton Complex,"674 Prairie Avenue
Providence, RI, 02905",06/30/2012 12:00:00 AM,103000,2004,622175.8,31229.04,0,84,50.9,5245768.3,165.9
Atwells Avenue Fire Station,"639 Atwells Avenue Providence, RI 02909",06/30/2011 12:00:00 AM,10022,1948,58286.8,619.69,634662,,89.4,895505.2,50.4
West Broadway,"29 Brainbridge Avenue Providence, Rhode Island 02909",06/30/2011 12:00:00 AM,46000,1966,93843.2,0,3632022.2,58,85.9,3952215,269.5
